<?xml version="1.0"?>
<items>
<item id="2132" charges="200"/>		<!-- silver amulet -->
<item id="2126" charges="200"/>		<!-- bronze amulet -->
<item id="2161" charges="200"/>		<!-- strange talisman -->
<item id="2164" charges="20"/>		<!-- might ring -->
<item id="2166" time="1800000"/>	<!-- power ring -->
<item id="2167" time="600000"/>		<!-- energy ring -->
<item id="2169" time="600000"/>		<!-- time ring -->
<item id="2197" charges="5"/>		<!-- stone skin amulet -->
<item id="2198" charges="50"/>		<!-- elven amulet -->
<item id="2199" charges="150"/>		<!-- garlic necklace -->
<item id="2200" charges="250"/>		<!-- protection amulet -->
<item id="2201" charges="200"/>		<!-- dragon necklace -->
<item id="2207" time="1800000"/>	<!-- sword ring -->
<item id="2208" time="1800000"/>	<!-- axe ring -->
<item id="2209" time="1800000"/>	<!-- club ring -->
<item id="2165" time="600000"/>		<!-- stealth ring -->
<item id="2168" time="1800000"/>	<!-- life ring -->
<item id="2214" time="480000"/>		<!-- roh -->
<item id="1740" questbox="1" />		<!-- unmovables -->
<item id="1747" questbox="1" />
<item id="1748" questbox="1" />
<item id="1749" questbox="1" />
<item id="1770" questbox="1" />

<!-- doors -->
<item id="1209" article="a" name="closed door" editorsuffix=" (Locked)">
		<attribute key="type" value="door"/>
		<attribute key="blockprojectile" value="1"/>
		<attribute key="description" value="It is locked."/>
	</item>
	<item id="1210" article="a" name="closed door">
		<attribute key="type" value="door"/>
		<attribute key="blockprojectile" value="1"/>
		<attribute key="description" value="It is locked."/>
	</item>
	<item id="1211" article="an" name="open door">
		<attribute key="type" value="door"/>
	</item>
	<item id="1212" article="a" name="closed door" editorsuffix=" (Locked)">
		<attribute key="type" value="door"/>
		<attribute key="blockprojectile" value="1"/>
		<attribute key="description" value="It is locked."/>
	</item>
	<item id="1213" article="a" name="closed door">
		<attribute key="type" value="door"/>
		<attribute key="blockprojectile" value="1"/>
	</item>
	<item id="1214" article="an" name="open door">
		<attribute key="type" value="door"/>
	</item>
	
<item id="1219" article="a" name="closed door">
		<attribute key="type" value="door"/>
		<attribute key="blockprojectile" value="1"/>
	</item>
	<item id="1220" article="an" name="open door">
		<attribute key="type" value="door"/>
	</item>
	<item id="1221" article="a" name="closed door">
		<attribute key="type" value="door"/>
		<attribute key="blockprojectile" value="1"/>
	</item>
	<item id="1222" article="an" name="open door">
		<attribute key="type" value="door"/>
	</item>
	<item id="1223" article="a" name="closed door">
		<attribute key="type" value="door"/>
		<attribute key="blockprojectile" value="1"/>
	</item>
	<item id="1224" article="an" name="open door">
		<attribute key="type" value="door"/>
	</item>
	<item id="1225" article="a" name="closed door">
		<attribute key="type" value="door"/>
		<attribute key="blockprojectile" value="1"/>
	</item>
	<item id="1226" article="an" name="open door">
		<attribute key="type" value="door"/>
	</item>
	<item id="1227" article="a" name="gate of expertise">
		<attribute key="type" value="door"/>
		<attribute key="blockprojectile" value="1"/>
	</item>
	<item id="1228" article="a" name="gate of expertise">
		<attribute key="type" value="door"/>
	</item>
	<item id="1229" article="a" name="gate of expertise">
		<attribute key="type" value="door"/>
		<attribute key="blockprojectile" value="1"/>
	</item>
	<item id="1230" article="a" name="gate of expertise">
		<attribute key="type" value="door"/>
	</item>
	<item id="1231" article="a" name="closed door" editorsuffix=" (Locked)">
		<attribute key="type" value="door"/>
		<attribute key="blockprojectile" value="1"/>
		<attribute key="description" value="It is locked."/>
	</item>
	<item id="1232" article="a" name="closed door">
		<attribute key="type" value="door"/>
		<attribute key="blockprojectile" value="1"/>
	</item>
	<item id="1233" article="an" name="open door">
		<attribute key="type" value="door"/>
	</item>
	<item id="1234" article="a" name="closed door" editorsuffix=" (Locked)">
		<attribute key="type" value="door"/>
		<attribute key="blockprojectile" value="1"/>
		<attribute key="description" value="It is locked."/>
	</item>
	<item id="1235" article="a" name="closed door">
		<attribute key="type" value="door"/>
		<attribute key="blockprojectile" value="1"/>
	</item>
	<item id="1236" article="an" name="open door">
		<attribute key="type" value="door"/>
	</item>
	<item id="1237" article="a" name="closed door">
		<attribute key="type" value="door"/>
		<attribute key="blockprojectile" value="1"/>
	</item>
	<item id="1238" article="an" name="open door">
		<attribute key="type" value="door"/>
	</item>
	<item id="1239" article="a" name="closed door">
		<attribute key="type" value="door"/>
		<attribute key="blockprojectile" value="1"/>
	</item>
	<item id="1240" article="an" name="open door">
		<attribute key="type" value="door"/>
	</item>
	<item id="1241" article="a" name="closed door">
		<attribute key="type" value="door"/>
		<attribute key="blockprojectile" value="1"/>
	</item>
	<item id="1242" article="an" name="open door">
		<attribute key="type" value="door"/>
	</item>
	<item id="1243" article="a" name="closed door">
		<attribute key="type" value="door"/>
		<attribute key="blockprojectile" value="1"/>
	</item>
	<item id="1244" article="an" name="open door">
		<attribute key="type" value="door"/>
	</item>
	<item id="1245" article="a" name="gate of expertise">
		<attribute key="type" value="door"/>
		<attribute key="blockprojectile" value="1"/>
	</item>
	<item id="1246" article="a" name="gate of expertise">
		<attribute key="type" value="door"/>
	</item>
	<item id="1247" article="a" name="gate of expertise">
		<attribute key="type" value="door"/>
		<attribute key="blockprojectile" value="1"/>
	</item>
	<item id="1248" article="a" name="gate of expertise">
		<attribute key="type" value="door"/>
	</item>
	<item id="1249" article="a" name="closed door" editorsuffix=" (Locked)">
		<attribute key="type" value="door"/>
		<attribute key="blockprojectile" value="1"/>
		<attribute key="description" value="It is locked."/>
	</item>
	<item id="1250" article="a" name="closed door">
		<attribute key="type" value="door"/>
		<attribute key="blockprojectile" value="1"/>
	</item>
	<item id="1251" article="an" name="open door">
		<attribute key="type" value="door"/>
	</item>
	<item id="1252" article="a" name="closed door" editorsuffix=" (Locked)">
		<attribute key="type" value="door"/>
		<attribute key="blockprojectile" value="1"/>
		<attribute key="description" value="It is locked."/>
	</item>
	<item id="1253" article="a" name="closed door">
		<attribute key="type" value="door"/>
		<attribute key="blockprojectile" value="1"/>
	</item>
	<item id="1254" article="an" name="open door">
		<attribute key="type" value="door"/>
	</item>
	<item id="1255" article="a" name="closed door">
		<attribute key="type" value="door"/>
		<attribute key="blockprojectile" value="1"/>
	</item>
	<item id="1256" article="an" name="open door">
		<attribute key="type" value="door"/>
	</item>
	<item id="1257" article="a" name="closed door">
		<attribute key="type" value="door"/>
		<attribute key="blockprojectile" value="1"/>
	</item>
	<item id="1258" article="an" name="open door">
		<attribute key="type" value="door"/>
	</item>
	<item id="1259" article="a" name="gate of expertise">
		<attribute key="type" value="door"/>
		<attribute key="blockprojectile" value="1"/>
	</item>
	<item id="1260" article="a" name="gate of expertise">
		<attribute key="type" value="door"/>
	</item>
	<item id="1261" article="a" name="gate of expertise">
		<attribute key="type" value="door"/>
		<attribute key="blockprojectile" value="1"/>
	</item>
	<item id="1262" article="a" name="gate of expertise">
		<attribute key="type" value="door"/>
	</item>
	<item id="3535" article="a" name="closed door" editorsuffix=" (Locked)">
		<attribute key="type" value="door"/>
		<attribute key="blockprojectile" value="1"/>
		<attribute key="description" value="It is locked."/>
	</item>
	<item id="3536" article="a" name="closed door">
		<attribute key="type" value="door"/>
		<attribute key="blockprojectile" value="1"/>
	</item>
	<item id="3537" article="an" name="open door">
		<attribute key="type" value="door"/>
	</item>
	<item id="3538" article="a" name="closed door">
		<attribute key="type" value="door"/>
		<attribute key="blockprojectile" value="1"/>
	</item>
	<item id="3539" article="an" name="open door">
		<attribute key="type" value="door"/>
	</item>
	<item id="3540" article="a" name="gate of expertise">
		<attribute key="type" value="door"/>
		<attribute key="blockprojectile" value="1"/>
	</item>
	<item id="3541" article="a" name="gate of expertise">
		<attribute key="type" value="door"/>
	</item>
	<item id="3542" article="a" name="closed door">
		<attribute key="type" value="door"/>
		<attribute key="blockprojectile" value="1"/>
	</item>
	<item id="3543" article="an" name="open door">
		<attribute key="type" value="door"/>
	</item>
	<item id="3544" article="a" name="closed door" editorsuffix=" (Locked)">
		<attribute key="type" value="door"/>
		<attribute key="blockprojectile" value="1"/>
		<attribute key="description" value="It is locked."/>
	</item>
	<item id="3545" article="a" name="closed door">
		<attribute key="type" value="door"/>
		<attribute key="blockprojectile" value="1"/>
	</item>
	<item id="3546" article="an" name="open door">
		<attribute key="type" value="door"/>
	</item>
	<item id="3547" article="a" name="closed door">
		<attribute key="type" value="door"/>
		<attribute key="blockprojectile" value="1"/>
	</item>
	<item id="3548" article="an" name="open door">
		<attribute key="type" value="door"/>
	</item>
	<item id="3549" article="a" name="gate of expertise">
		<attribute key="type" value="door"/>
		<attribute key="blockprojectile" value="1"/>
	</item>
	<item id="3550" article="a" name="gate of expertise">
		<attribute key="type" value="door"/>
	</item>
	<item id="3551" article="a" name="closed door">
		<attribute key="type" value="door"/>
		<attribute key="blockprojectile" value="1"/>
	</item>
	<item id="3552" article="an" name="open door">
		<attribute key="type" value="door"/>
	</item>
	<item id="1634" article="a" name="table">
		<attribute key="type" value="door"/>
	</item>
	<item id="1635" article="a" name="table">
		<attribute key="type" value="door"/>
	</item>
	<item id="1636" article="a" name="table">
		<attribute key="type" value="door"/>
	</item>
	<item id="1637" article="a" name="table">
		<attribute key="type" value="door"/>
	</item>
	<item id="1638" article="a" name="table">
		<attribute key="type" value="door"/>
	</item>
	<item id="1639" article="a" name="table">
		<attribute key="type" value="door"/>
		<attribute key="blockprojectile" value="1"/>
	</item>
	<item id="1640" article="a" name="table">
		<attribute key="type" value="door"/>
	</item>
	<item id="1641" article="a" name="table">
		<attribute key="type" value="door"/>
	</item>

<!-- depots -->
<item id="2589" article="a" name="locker">
		<attribute key="type" value="depot"/>
		<attribute key="containerSize" value="30"/>
	</item>
	<item id="2590" article="a" name="locker">
		<attribute key="type" value="depot"/>
		<attribute key="containerSize" value="30"/>
	</item>
	<item id="2591" article="a" name="locker">
		<attribute key="type" value="depot"/>
		<attribute key="containerSize" value="30"/>
	</item>
	<item id="2592" article="a" name="locker">
		<attribute key="type" value="depot"/>
		<attribute key="containerSize" value="30"/>
	</item>
</items>