<materials>
	<!-- TILESETS -->

	<tileset name="Architecture">
		<raw>
		<item id="463"/>
		<item fromid="1514" toid="1523"/>
		<item fromid="1543" toid="1548"/>
		<item fromid="3745" toid="3755"/>
		</raw>
	</tileset>
	<tileset name="Pyramid">
		<raw>
		<item id="463"/>
		<item fromid="778" toid="789"/>
		<item fromid="1071" toid="1083"/>
		<item fromid="1398" toid="1405"/>
		<item fromid="1549" toid="1581"/>
		</raw>
	</tileset>
	<tileset name="Blank">
		<raw>
		<item fromid="4328" toid="4393"/>	
		</raw>
	</tileset>
	<tileset name="Borders solid">
		<raw>
		<item fromid="110" toid="350"/>
		<item fromid="393" toid="404"/>
		<item fromid="494" toid="597"/>
		<item fromid="606" toid="617"/>
		<item fromid="630" toid="707"/>
		<item fromid="712" toid="776"/>
		<item fromid="792" toid="872"/>
		<item fromid="879" toid="890"/>
		<item fromid="3246" toid="3257"/>
		<item fromid="3266" toid="3297"/>
		<item fromid="3553" toid="3568"/>
		<item fromid="3575" toid="3586"/>
		</raw>
	</tileset>
	<tileset name="Bridges">
		<raw>
		<item id="1284"/>
		<item fromid="3756" toid="3765"/>
		<item fromid="3768" toid="3791"/>
		</raw>
	</tileset>
	<tileset name="Special Fields">
		<raw>
		<item fromid="1487" toid="1508"/>
		<item fromid="1510" toid="1513"/>
		</raw>
	</tileset>
	<tileset name="Hidden-path">
		<raw>
		<item id="460"/>
		<item fromid="3258" toid="3262"/>
		<item id="1509"/>
		<item fromid="4820" toid="4825"/>
		<item fromid="4828" toid="4831"/>
		</raw>
	</tileset>
	<tileset name="Mountains">
		<raw>
		<item fromid="873" toid="878"/>
		<item fromid="891" toid="919"/>
		<item fromid="4405" toid="4525"/>
		</raw>
	</tileset>
	<tileset name="Walls and Railings">
		<raw>
			<item fromid="1025" toid="1070"/>
			<item fromid="1084" toid="1276"/>
			<item fromid="1524" toid="1542"/>
			<item fromid="1562" toid="1577"/>
			<item fromid="1582" toid="1601"/>
			<item fromid="3361" toid="3552"/>
		</raw>
	</tileset>
	<tileset name="Roofs">
		<raw>
		<item fromid="921" toid="964"/>
		<item fromid="3139" toid="3151"/>
		<item fromid="3348" toid="3360"/>
		<item id="5045"/>
		<item fromid="5047" toid="5054"/>
		<item id="5081"/>
		</raw>
	</tileset>
	<tileset name="Borders normal">
		<raw>
		<item fromid="434" toid="445"/>
		<item id="477"/>
		<item id="478"/>
		<item id="487"/>
		<item id="488"/>
		<item fromid="3224" toid="3245"/>
		<item fromid="3298" toid="3309"/>
		<item fromid="4542" toid="4565"/>
		<item fromid="4596" toid="4607"/>
		<item fromid="4632" toid="4663"/>
		<item fromid="4667" toid="4690"/>
		<item fromid="4713" toid="4748"/>
		<item fromid="4760" toid="4819"/>
		</raw>
	</tileset>
	<tileset name="Special Tiles">
		<raw>
		<item id="416"/>
		<item id="417"/>
		<item id="421"/>
		<item id="422"/>
		<item id="425"/>
		<item id="426"/>
		<item id="446"/>
		<item id="447"/>
		<item fromid="451" toid="456"/>
		<item id="465"/>
		<item id="467"/>
		<item id="471"/>
		<item id="472"/>
		<item id="473"/>
		<item id="474"/>
		<item fromid="967" toid="1024"/>
		<item id="3216"/>
		<item id="3217"/>
		</raw>
	</tileset>
	<tileset name="Grounds">
		<raw>
			<item id="100"/>
			<item id="101"/>
			<item id="102"/>
			<item id="103"/>
			<item id="104"/>
			<item id="105"/>
			<item id="106"/>
			<item id="107"/>
			<item id="108"/>
			<item id="109"/>
			<item id="231"/>
			<item id="280"/>
			<item id="351"/>
			<item id="352"/>
			<item id="353"/>
			<item id="354"/>
			<item id="355"/>
			<item id="368"/>
			<item id="405"/>
			<item id="406"/>
			<item id="407"/>
			<item id="412"/>
			<item id="413"/>
			<item id="414"/>
			<item id="415"/>
			<item id="419"/>
			<item id="420"/>
			<item id="424"/>
			<item id="431"/>
			<item id="448"/>
			<item id="449"/>
			<item id="450"/>
			<item id="457"/>
			<item id="458"/>
			<item id="460"/>
			<item id="459"/>
			<item id="490"/>
			<item id="491"/>
			<item id="492"/>
			<item id="493"/>
			<item id="598"/>
			<item id="599"/>
			<item id="600"/>
			<item id="601"/>
			<item id="602"/>
			<item id="603"/>
			<item id="604"/>
			<item id="605"/>
			<item fromid="618" toid="629"/>
			<item id="670"/>
			<item id="671"/>
			<item id="708"/>
			<item id="709"/>
			<item id="710"/>
			<item id="711"/>
			<item id="724"/>
			<item id="777"/>
			<item id="790"/>
			<item id="791"/>
			<item id="804"/>
			<item id="806"/>
			<item id="4832"/>
			<item id="4833"/>
			<item id="836"/>
			<item id="918"/>
			<item id="920"/>
			<item id="926"/>
			<item id="927"/>
			<item id="929"/>
			<item id="936"/>
			<item id="937"/>
			<item id="939"/>
			<item id="946"/>
			<item id="947"/>
			<item id="948"/>
			<item id="956"/>
			<item id="957"/>
			<item id="958"/>
			<item id="965"/>
			<item id="966"/>
			<item id="1284"/>
			<item id="1509"/>
			<item id="194"/>
			<item id="464"/>
			<item id="466"/>
			<item fromid="3152" toid="3215"/>
			<item fromid="3263" toid="3265"/>
			<item fromid="4526" toid="4541"/>
			<item fromid="4567" toid="4579"/>
			<item id="4595"/>
			<item id="4608"/>
			<item fromid="4609" toid="4625"/>
			<item fromid="4664" toid="4666"/>
			<item fromid="4691" toid="4712"/>
			<item fromid="4749" toid="4759"/>
			<item fromid="4820" toid="4825"/>
		</raw>
	</tileset>
	
	<tileset name="Nature">
		<terrain>
			<brush name="sea"/>
			<brush name="mountain"/>
			<brush name="mountain ground"/>
			<brush name="ramp"/>
			<brush name="bamboo ramp"/>
			<brush name="jungle grass"/>
			<brush name="grass"/>
			<brush name="grass open stone pile"/>
			<brush name="grass closed stone pile"/>
			<brush name="grass pitfall"/>
			<brush name="dark swamp"/>
			<brush name="swamp"/>
			<brush name="jungle dirt"/>
			<brush name="light dirt"/>
			<brush name="dirt"/>

			<brush name="sand"/>
			<brush name="sand open stone pile"/>
			<brush name="sand closed stone pile"/>
			<brush name="sand scarab hole"/>

			<brush name="tar pit"/>
			<brush name="ice"/>
			<brush name="ice open stone pile"/>
			<brush name="ice closed stone pile"/>
			<brush name="hole in the ice"/>






			<brush name="snow"/>
			<brush name="white gravel"/>

			<brush name="mountain top ground"/>
			<brush name="rocky ground"/>

			<brush name="dry earth"/>
		</terrain>
		<doodad>
			<brush name="mossy wall"/>
			<brush name="green fungi"/>
			<brush name="green trees"/>
			<brush name="dead trees"/>
			<brush name="trees"/>
			<brush name="bushes"/>
			<brush name="blueberry bushes"/>

			<brush name="dead bushes"/>
			<brush name="swamp plants"/>
			<brush name="flowers"/>
			<brush name="yellow flowers"/>
			<brush name="royal flowers"/>
			<brush name="sunflowers"/>
			<brush name="lilypads"/>
			<brush name="roses"/>
			<brush name="tall jungle grass"/>
			<brush name="tall swamp grass"/>
			<item id="3323"/>
			<item id="2785"/>
			<brush name="log"/>
			<brush name="log vines"/>
			<brush name="log covered in moss"/>
			<brush name="tree crown"/>
			<brush name="branches"/>
			<brush name="bamboo plant"/>
			<brush name="giant mushrooms"/>
			<brush name="moldy giant mushrooms"/>
			<brush name="moldy mushrooms"/>
			<brush name="small mushrooms"/>
			<brush name="jungle maw"/>
			<brush name="ant trails"/>
			<brush name="waterfall"/>
			<brush name="gray rocks"/>
			<brush name="brown rocks"/>
			<brush name="small rocks"/>
			<brush name="staglamites"/>
			<brush name="weird shaped stones"/>
			<brush name="debris"/>
			<brush name="lava hole"/>
			<brush name="gray rubble"/>
			<brush name="brown rubble"/>
			<brush name="rough gray rubble"/>
			<brush name="rough brown rubble"/>
			<brush name="mossy rocks"/>
		</doodad>
		<raw>
			<item fromid="386" toid="391"/>
			<item fromid="1499"/>
			<item fromid="1285" toid="1359"/>
			<item fromid="2697" toid="2786"/>
			<item fromid="3311" toid="3347"/>
			<item fromid="2569" toid="2574"/>
			<item fromid="2798" toid="2805"/>
			<item fromid="3603" toid="3677"/>
			<item fromid="3984" toid="4250"/>
			<item fromid="3569" toid="3574"/>
		</raw>
	</tileset>
	
	<tileset name="Cave">
		<terrain>
			<brush name="earth"/>

			<brush name="cave hole"/>

			<brush name="cave small hole"/>
			<brush name="cave pickhole"/>
			<brush name="cave ropespot"/>
			<brush name="cave"/>
			<brush name="dirt"/>
			<brush name="clear water"/>
			<brush name="lava"/>
			<brush name="void"/>
		</terrain>
		<raw>
			<item fromid="101"/>
			<item fromid="351" toid="382"/>

			<item fromid="384"/>
			<item fromid="383"/>
			<item fromid="385"/>
			<item fromid="392"/>
		</raw>
	</tileset>
	
	<tileset name="Snow">
		<terrain>
			<brush name="sea"/>
			<brush name="mountain"/>
			<brush name="snow"/>
			<brush name="ice"/>
			<brush name="white gravel"/>
			<brush name="mountain ground"/>
			<brush name="mountain top ground"/>
			<brush name="rocky ground"/>
		</terrain>
		<doodad>

			<brush name="snowy alive trees"/>
			<brush name="dead trees"/>

		</doodad>
	</tileset>
	
	<tileset name="Town">
		<terrain>
			<brush name="stone floor"/>
			<brush name="cobblestone"/>
			<brush name="grassy cobblestone"/>
			<brush name="lawn"/>
			<brush name="wooden floor"/>
			<brush name="drawbridge"/>
			<brush name="dark wooden floor"/>
			<brush name="drab tiled stone floor"/>
			<brush name="dark tiled sandstone"/>
			<brush name="tiled sandstone floor"/>
			<brush name="tiled sandstone floor pressed"/>
			<brush name="tiled sandstone floor depressed"/>
			<brush name="light tiled stone floor"/>
			<brush name="dark tiled stone floor"/>
			<brush name="orange tiled floor"/>
			<brush name="dark sandstone"/>
			<brush name="sandstone"/>
			<brush name="white marble floor"/>
			<brush name="black marble floor"/>
			<brush name="gray stone tiles"/>
			<brush name="gray stone tiles pressed"/>
			<brush name="gray stone tiles depressed"/>

			<brush name="store counter"/>
			<brush name="plaster wall"/>
			<brush name="plaster wall arch"/>
			<brush name="brick wall"/>
			<brush name="brick wall arch"/>
			<brush name="stone wall"/>
			<brush name="rock wall"/>
			<brush name="egypt wall"/>
			<brush name="egypt stone wall"/>
			<brush name="pyramid ramp"/>
			<brush name="marble wall"/>

			<brush name="marble railing"/>
			<brush name="stone railing"/>
			<brush name="ornamented marble railing"/>
			<brush name="pillared marble railing"/>
			<brush name="ruin wall"/>
			<brush name="paravent wall"/>
			<brush name="fiery wall"/>
			<brush name="jungle stone wall"/>
			<brush name="jungle stone wall ornamented"/>
			<brush name="metal wall"/>
			<brush name="bamboo wall"/>
			<brush name="Wooden Palisade"/>
			<brush name="Wooden Palisade (no strings)"/>
			<brush name="Wooden Palisade (steel gate)"/>
			<brush name="Wooden Palisade Railing"/>
			<item id="3513"/>
			<item fromid="3521" toid="3529"/>
			<brush name="ornamented sandstone railing"/>
			<brush name="sandstone railing"/>
			<brush name="jungle stone railing"/>
			<brush name="grass wall"/>
			<brush name="thin bamboo wall"/>
			<brush name="fence"/>
			<brush name="dark fence"/>
			<!-- This does not work 'perfectly yet
			<brush name="steel bars"/>
			<brush name="steel rebar"/>
			-->
			<brush name="flat roof"/>
			<brush name="brown bamboo roof"/>
			<brush name="brick roof, left"/>
			<brush name="brick roof, vertical"/>
			<brush name="brick roof, right"/>
			<brush name="brick roof, up"/>
			<brush name="brick roof, horizontal"/>
			<brush name="brick roof, down"/>
			<brush name="wooden roof, up"/>
			<brush name="wooden roof, horizontal"/>
			<brush name="wooden roof, down"/>
			<brush name="wooden roof, left"/>
			<brush name="wooden roof, vertical"/>
			<brush name="wooden roof, right"/>
		</terrain>
	</tileset>
	
	<tileset name="Stairs">
		<terrain>
			<!-- Stairs -->
			<item fromid="1385"/>
			<item fromid="1396"/>
			<item fromid="3687"/>
			<item fromid="3688"/>
			<brush name="ramp"/>
			<!-- Ladders -->
			<item fromid="1386"/>
			<item fromid="3678"/>
			<brush name="wooden ladder hole"/>
			<brush name="wooden trapdoor"/>
			<brush name="stairs down"/>
			<brush name="trapdoor down"/>
			<brush name="trapdoor ladder down"/>
			<brush name="trapdoor ladder down"/>
			<brush name="stone stairway"/>
			<brush name="black stone stairs"/>
			<brush name="black stone trapdoor"/>
			<brush name="gray stone stairs"/>
			<brush name="gray stone trapdoor"/>
		</terrain>
	</tileset>
	
	<tileset name="Boats">
		<raw>
			<item fromid="4883" toid="4947"/>
			<item fromid="4403"/>
			<item fromid="3601" toid="3602"/>
			<item fromid="4948" toid="4991"/>
			<item fromid="4998" toid="5008"/>
			<item fromid="5082" toid="5085"/>
			<item fromid="1277" toid="1284"/>
			<item fromid="3587" toid="3600"/>
		</raw>
	</tileset>

	<tileset name="Fields">
		<doodad>
		</doodad>
	</tileset>
	
	<tileset name="Sea">
		<raw>
			<item fromid="2226"/>
			<item fromid="2240"/>
			<item fromid="3607" toid="3616"/>
		</raw>
	</tileset>

	<tileset name="Hangables">
		<doodad>
			<brush name="cobra wall statue"/>
			<brush name="wall lamp"/>
			<brush name="wall lamp - lit"/>
			<brush name="wall torch"/>
			<brush name="wall torch - lit"/>
			<brush name="wall candle"/>
			<brush name="wall candle - lit"/>
			<brush name="bambu wall torch"/>
			<brush name="bambu wall torch - lit"/>
			<brush name="cage wall lamp"/>
			<brush name="cage wall lamp - lit"/>
			<brush name="blackboard"/>
			<item id="1877"/>
			<item id="1881"/>
			<item id="1845"/>
			<item id="1848"/>
			<item id="1851"/>
			<item id="1852"/>
			<item id="1853"/>
			<item id="1854"/>
			<item id="1857"/>
			<item id="1860"/>
			<item id="1863"/>
			<item id="1866"/>
			<item id="1869"/>
			<item id="1872"/>
			<item id="1880"/>
		</doodad>
		<raw>
		<item fromid="1809" toid="1944"/>
		<item fromid="2037" toid="2040"/>
		<item fromid="2058" toid="2061"/>
		<item fromid="2066" toid="2069"/>
		</raw>
	</tileset>
	
	<tileset name="Interior">
		<doodad>
			<brush name="small drawer"/>
			<brush name="flashy drawer"/>
			<brush name="pendulum clock"/>
			<brush name="normal wardrobe"/>
			<brush name="tall locker"/>
			<brush name="mirror stand"/>
			<brush name="wooden counter"/>
			<brush name="store counter"/>
			<brush name="big brown table, horizontal"/>
			<brush name="big brown table, vertical"/>
			<brush name="bambu drawer"/>
			<brush name="bambu bookcase"/>
			<brush name="bambu bookcase with books"/>
			<brush name="bambu wardrobe"/>
			<brush name="bookcase"/>
			<item id="1738"/>
			<item id="1739"/>
			<brush name="wooden chest"/>
			<item id="1741"/>
			<item id="1746"/>
			<brush name="large trunk"/>
			<brush name="wooden coffin"/>
			<brush name="large cask"/>
			<item id="1770"/>
			<item id="1771"/>
			<item id="1772"/>
			<item id="1773"/>
			<item id="1774"/>
			<item id="1775"/>
			<item id="1777"/>
			<item id="2034"/>
			<brush name="oven - on"/>
			<brush name="oven - off"/>

			-- MUSIC!1111111 --
			<brush name="piano"/>
			<brush name="harp"/>
			-- beds --
			<brush name="normal bed"/>
			<brush name="normal bed with sleeper"/>
			<brush name="cot"/>
			<brush name="cot with sleeper"/>
			<brush name="hammock"/>
			<brush name="hammock with sleeper"/>
			-- tables --
			<item id="1614"/>
			<item id="1615"/>
			<item id="1616"/>
			<item id="1619"/>
			-- chairs --
			<brush name="wooden chair"/>
			<brush name="rocking chair"/>
			<brush name="red cushioned chair"/>
			<brush name="green cushioned chair"/>
			<brush name="sofa chair"/>
			<brush name="green sofa"/>
			<brush name="redwhite sofa"/>
			<brush name="bench"/>
			<brush name="gilded throne"/>
			<brush name="dull throne"/>

			-- carpets --
			<brush name="brown bear skin rug"/>
			<brush name="white bear skin rug"/>
			<brush name="bear skin rug"/>
			<brush name="red carpet"/>
		</doodad>
		<raw>
			<item fromid="1602" toid="1808"/>
			<item fromid="2034"/>
			<item fromid="2064" toid="2065"/>
			<item fromid="2070" toid="2079"/>
			<item fromid="2108" toid="2119"/>
			<item fromid="2080" toid="2085"/>
			<item fromid="2093" toid="2099"/>
			<item fromid="1947" toid="1986"/>
			<item fromid="2100" toid="2107"/>
			<item fromid="2180"/>
			<item fromid="2192"/>
			<item fromid="2556" toid="2577"/>
			<item fromid="2581" toid="2588"/>
			<item fromid="2589" toid="2592"/>
			<item fromid="2594"/>
			<item fromid="2606" toid="2609"/>
			<item fromid="2614" toid="2615"/>
			<item fromid="3805" toid="3843"/>
			<item fromid="4394" toid="4402"/>
		</raw>
	</tileset>
	
	<tileset name="Statues">
		<doodad>
			<item fromid="1444" toid="1445"/>
			<item fromid="1448" toid="1449"/>
			<brush name="knight statue"/>
			<brush name="minotaur statue"/>
			<brush name="goblin statue"/>
			<brush name="gargoyle statue"/>
			<brush name="gargoyle statue pedestal"/>
			<brush name="cobra statue"/>
			<brush name="cobra statue pedestal"/>
			<brush name="female statue"/>
			<brush name="female statue with flame"/>
			<brush name="hunter statue"/>
			
			<brush name="lizard statue"/>
			<brush name="broken lizard statue"/>
			<brush name="giant snake head statue"/>
			<brush name="giant snake head statue (open)"/>
			<brush name="giant hand statue"/>
			<item fromid="1450" toid="1451"/>
		</doodad>
	</tileset>
	
	<tileset name="Exterior">
		<doodad>
			<brush name="stone altar"/>
			<brush name="decorative altar"/>
			<brush name="sacrifical stone"/>
			<brush name="sacrifical stone with blood"/>
			
			-- coffins --
			<brush name="stone coffin (no rose)"/>
			<brush name="stone coffin (yellow rose)"/>
			<brush name="stone coffin (blue rose)"/>
			<brush name="stone coffin (red rose)"/>
			<brush name="buried stone coffin"/>
			<item fromid="1406" toid="1409"/>
			<brush name="sarcophagus"/>
			
			-- Campfires --
			<item fromid="1421" toid="1428"/>
			<item fromid="1481" toid="1486"/>
			<item fromid="2601" toid="2605"/>
			
			-- fountains --
			<brush name="ancient fountain - off"/>
			<brush name="ancient fountain - on"/>
			<brush name="water well"/>
			<brush name="lava fountain"/>
			
			<brush name="marble fountain - on"/>
			<brush name="marble fountain - off"/>
			<item id="1378"/>
			<brush name="normal fountain - on"/>
			<brush name="normal fountain - off"/>
			<brush name="normal fountain - off"/>
			<brush name="horizontal mill"/>
			<brush name="vertical mill"/>
			<brush name="draw well"/>
			<brush name="fishing net"/>
		</doodad>
		<raw>
			<item fromid="486"/>
			<item fromid="1280" toid="1283"/>
			<item fromid="1360" toid="1385"/>
			<item fromid="1406" toid="1420"/>
			<item fromid="1421" toid="1428"/>
			<item fromid="1429" toid="1486"/>
			<item fromid="2219" toid="2259"/>
			<item fromid="2334"/>
			<item fromid="2555"/>
			<item fromid="2593"/>
			<item fromid="2601" toid="2605"/>
			<item fromid="2610" toid="2613"/>
			<item fromid="2616" toid="2623"/>
			<item fromid="3697" toid="3710"/>
			<item fromid="3715" toid="3726"/>
			<item fromid="3718" toid="3742"/>
			<item fromid="3802" toid="3804"/>
		</raw>
	</tileset>

	<tileset name="Splash">
		<doodad>
			<item id="2016"/>
			<item id="2017"/>
			<item id="2018"/>
			<item id="2019"/>
			<item id="2020"/>
			<item id="2021"/>
			<item id="1903"/>
			<item id="1904"/>
			<item id="1905"/>
		</doodad>
		<raw>
			<item id="2016"/>
			<item id="2017"/>
			<item id="2018"/>
			<item id="2019"/>
			<item id="2020"/>
			<item id="2021"/>
			<item id="1903"/>
			<item id="1904"/>
			<item id="1905"/>
		</raw>
	</tileset>

	<tileset name="Furniture kits">
		<items_and_raw>
		<item fromid="3901" toid="3938"/>
		</items_and_raw>
	</tileset>
	<tileset name="Equipment">
		<items_and_raw>
			-- Helmets --
			<item fromid="2128"/>
			<item fromid="2342" toid="2343"/>
			<item fromid="2457" toid="2462"/>
			<item fromid="2471"/>
			<item fromid="2473" toid="2475"/>
			<item fromid="2479" toid="2482"/>
			<item fromid="2490" toid="2491"/>
			<item fromid="2493"/>
			<item fromid="2496" toid="2499"/>
			<item fromid="2501" toid="2502"/>
			<item fromid="2506"/>
			<item fromid="2323"/>
			<item fromid="2662" toid="2663"/>
			<item fromid="2665"/>
			<item fromid="3967"/>
			<item fromid="3969" toid="3972"/>
			-- Armor --
	        <item fromid="2463" toid="2467"/>
	        <item fromid="2472"/>
			<item fromid="2476"/>
			<item fromid="2483" toid="2487"/>
			<item fromid="2489"/>
			<item fromid="2492"/>
			<item fromid="2494"/>
			<item fromid="2500"/>
			<item fromid="2503"/>
			<item fromid="2505"/>
			<item fromid="2508"/>
			<item fromid="2650" toid="2660"/>
			<item fromid="2664"/>
			<item fromid="3968"/>
			-- Legs --
			<item fromid="2468" toid="2470"/>
			<item fromid="2477" toid="2478"/>
			<item fromid="2488"/>
			<item fromid="2495"/>
			<item fromid="2504"/>
			<item fromid="2507"/>
			<item fromid="2647" toid="2649"/>
			-- Boots --
			<item fromid="2195"/>
			<item fromid="2358"/>
			<item fromid="2640" toid="2646"/>
			<item fromid="3982"/>
		</items_and_raw>
	</tileset>
	
	<tileset name="Ornaments">
		<items_and_raw>
			-- Amulets --
			<item fromid="2661"/>
			<item fromid="2161"/>
			<item fromid="2170"/>
			<item fromid="2171"/>
			<item fromid="2172"/>
			<item fromid="2173"/>
			<item fromid="2174"/>
			<item fromid="2196" toid="2201"/>
			<item fromid="2218"/>
			<item fromid="2125"/>
			<item fromid="2126"/>
			<item fromid="2129"/>
			<item fromid="2130"/>
			<item fromid="2131"/>
			<item fromid="2132"/>
			<item fromid="2133"/>
			<item fromid="2135"/>
			<item fromid="2136"/>
			<item fromid="2138"/>
			<item fromid="2142"/>
			-- Rings --
			<item fromid="2207" toid="2209"/>
			<item fromid="2213"/>
			<item fromid="2214"/>
			<item fromid="2121"/>
			<item fromid="2122"/>
			<item fromid="2123"/>
			<item fromid="2124"/>
			<item fromid="2127"/>
		</items_and_raw>
	</tileset>
	
	<tileset name="Tools">
		<items_and_raw>
			<item fromid="2548" toid="2580"/>
			<item fromid="2120"/>
		</items_and_raw>
	</tileset>

	<tileset name="Valuables">
		<items_and_raw>
		<item fromid="2139" toid="2216"/>
		</items_and_raw>
	</tileset>
	<tileset name="Weapons">
		<items_and_raw>
			-- Swords --
			<item fromid="2376" toid="2377"/>
			<item fromid="2379"/>
			<item fromid="2383" toid="2385"/>
			<item fromid="2390"/>
			<item fromid="2392" toid="2393"/>
			<item fromid="2395" toid="2397"/>
			<item fromid="2400"/>
			<item fromid="2402" toid="2409"/>
			<item fromid="2411" toid="2413"/>
			<item fromid="2418" toid="2420"/>
			<item fromid="2442"/>
			<item fromid="2438"/>
			<item fromid="2446"/>
			<item fromid="2450" toid="2451"/>
			-- Maces --
			<item fromid="2382"/>
			<item fromid="2391"/>
			<item fromid="2394"/>
			<item fromid="2398"/>
			<item fromid="2401"/>
			<item fromid="2416" toid="2417"/>
			<item fromid="2321"/>
			<item fromid="2421" toid="2424"/>
			<item fromid="2434"/>
			<item fromid="2436" toid="2437"/>
			<item fromid="2439"/>
			<item fromid="2444" toid="2445"/>
			<item fromid="2448" toid="2449"/>
			<item fromid="2452" toid="2453"/>
			<item fromid="3961"/>
			<item fromid="3966"/>
			-- Axes --
			<item fromid="2378"/>
			<item fromid="2380" toid="2381"/>
			<item fromid="2386" toid="2388"/>
			<item fromid="2414" toid="2415"/>
			<item fromid="2425" toid="2432"/>
			<item fromid="2435"/>
			<item fromid="2440" toid="2441"/>
			<item fromid="2443"/>
			<item fromid="2447"/>
			<item fromid="2454"/>
			<item fromid="3962"/>
			-- Distance --
			<item fromid="2389"/>
			<item fromid="3965"/>
			<item fromid="2455" toid="2456"/>
			<item fromid="2352"/>
			<item fromid="2410"/>
			-- Ammo --
			<item fromid="2543" toid="2547"/>
			<item fromid="2399"/>
			-- Magic --
			<item fromid="2181" toid="2186"/>
			<item fromid="2187" toid="2191"/>
		</items_and_raw>
	</tileset>
	
	<tileset name="Shields">
		<items_and_raw>
			<item fromid="2509" toid="2542"/>
			<item fromid="3973" toid="3975"/>
		</items_and_raw>
	</tileset>
	
	<tileset name="Trinkets">
		<items_and_raw>
			-- Some random stuff --
			<item id="2036"/> -- Watch (Also ID 6091, 6092, but those are useless?) --
			-- Trinkets --
			<item fromid="2176" toid="2178"/>
			<item id="2344"/>
			<item id="2345"/>
			<item id="2346"/>
			<item fromid="2353" toid="23"/>
			<item id="2600"/>
			<item id="2193"/>
			<item id="2194"/>
			<item id="2218"/>
			<item id="2356"/>
			<item id="2359"/>
			<item id="2137"/>
			<item id="2600"/>
			-- Instruments --
			<item id="2364"/>
			<item id="2368"/>
			<item id="2369"/>
			<item id="2370"/>
			<item id="2371"/>
			<item id="2372"/>
			<item id="2373"/>
			<item id="2374"/>
			<item id="2375"/>
			<item id="3951"/>
			<item id="3952"/>
			<item id="3953"/>
			<item id="3957"/>
			-- Lights --
			<item id="2041" toid="2049"/>
			<item id="2051"/>
			<item id="2050"/>
			<item id="2053"/>
			<item id="2052"/>
			<item id="2055"/>
			<item id="2054"/>
			<item id="2056"/>
			<item id="2062"/>
			<item id="2062"/>
			<item id="2063"/>
			
			<item fromid="2366" toid="2375"/>
			<item id="4874"/>
			<item fromid="2597" toid="2598"/>
			<item id="2599"/>
			<item id="2175"/>
			<item fromid="2193" toid="2194"/>
			<item fromid="2217" toid="2218"/>
			<item id="2356"/>
			<item id="2359"/>
			<item id="2137"/>
			<item fromid="2032" toid="2033"/>
			<item id="4851"/>
			-- Fluid containers --
			<item fromid="3941" toid="3942"/>
			<item fromid="2005" toid="2015"/>
			<item id="2023"/>
			<item id="2031"/>
			<item id="2033"/>
			<item id="2035"/>
			<item id="3941"/>
			<item id="3942"/>
			-- Food related --
			<item id="2033"/>
			-- Keys --
			<item fromid="2086" toid="2092"/>
			-- Game pieces --
			<item id="2625"/>
			<item fromid="2626" toid="2631"/>
			<item id="2624"/>
			<item fromid="2632" toid="2637"/>
			<item id="2638"/>
			<item id="2639"/>
		</items_and_raw>
	</tileset>
	
	<tileset name="Collectables">
		<items_and_raw>
		</items_and_raw>
	</tileset>
	
	<tileset name="Magic Fields">
		<doodad>
			<brush name="fire field (not decaying)"/>
			<brush name="poison field (not decaying)"/>
			<brush name="energy field (not decaying)"/>
			<brush name="fire field (decaying)"/>
			<brush name="poison field (decaying)"/>
			<brush name="energy field (decaying)"/>
			<brush name="magic wall (not decaying)"/>
			<brush name="magic wall (decaying)"/>
			<brush name="wild growth (decaying)"/>
			<brush name="yellow fire field (decaying)"/>
			<brush name="poison gas (decaying)"/>
			<brush name="yellow energy field (decaying)"/>
			<brush name="smoke field (not decaying)"/>
			<brush name="searing fire field (decaying)"/>
		</doodad>
	</tileset>
	
	<tileset name="Containers">
		<items_and_raw>
	        <item fromid="1987" toid="1989"/>
	        <item fromid="1990" toid="2004"/>
	        <item fromid="3939" toid="3940"/>
	        <item fromid="2365"/>
	        <item fromid="2330" toid="2331"/>
	        <item fromid="2595" toid="2596"/>
		</items_and_raw>
		<raw>
	        <item fromid="1987" toid="1989"/>
	        <item fromid="1990" toid="2004"/>
	        <item fromid="3939" toid="3940"/>
	        <item fromid="2365"/>
	        <item fromid="2330" toid="2331"/>
	        <item fromid="2595" toid="2596"/>
		</raw>
	</tileset>
	
	<tileset name="Writables">
		<items_and_raw>
			<item fromid="1947" toid="1986"/>
			<item id="2345"/>
			<item id="2347"/>
			<item id="2567"/>
			<item id="2568"/>
			<item id="2597"/>
			<item id="2598"/>
			<item id="2599"/>
			<item id="2175"/>
			<item id="2217"/>
			<item id="4853"/>
			<item id="4854"/>
			<item id="4855"/>
		</items_and_raw>
	</tileset>
	
	<tileset name="Food">
		<items_and_raw>
			<item id="2666"/>
			<item fromid="2667" toid="2696"/>
			<item fromid="2787" toid="2796"/>
			<item id="2035"/>
			<item id="2032"/>
			<item id="2032"/>
		</items_and_raw>
	</tileset>
	
	<tileset name="Trash">
		<doodad>
			<brush name="broken bottles"/>
			<brush name="rotten food"/>
			<brush name="rubbish"/>
			<brush name="bones"/>
			<item id="2236"/>
			<item id="2237"/>
			<item id="2238"/>
			<brush name="leaves"/>
			<item id="2246"/>
			<brush name="bamboo garbage"/>
			<brush name="wooden trash"/>
			<brush name="metal trash"/>
		</doodad>
	</tileset>

	<tileset name="Runes">
		<items_and_raw>
			<item fromid="2260" toid="2316"/>
		</items_and_raw>
	</tileset>

	<tileset name="Corpses">
		<doodad>
			<item id="2317"/>
			<item fromid="2806" toid="3134"/>
			<item fromid="4251" toid="4327"/>
		</doodad>
	</tileset>
	
	<tileset name="Stairs / Ramps / Ladders">
		<raw>
			<!-- Holes -->
			<item fromid="383" toid="385"/>
			<item fromid="392"/>
			<item fromid="418"/>
			<item fromid="468" toid="470"/>
			<item fromid="481" toid="485"/>
			<item fromid="489"/>
			
			<!-- Stairs / Ladder Down -->
			<item fromid="369" toid="370"/>
			<item fromid="408"/>
			<item fromid="409"/>
			<item fromid="410" toid="411"/>
			<item fromid="423"/>
			<item fromid="427" toid="429"/>
			<item fromid="432" toid="433"/>
			<item fromid="1388" toid="1395"/>
			<item fromid="3135" toid="3138"/>
			<item fromid="3219" toid="3220"/>
			<item fromid="4834" toid="4837"/>
			
			<!-- Other -->
			<item fromid="430"/>
			<item fromid="461" toid="462"/>
			<item fromid="475" toid="476"/>
			<item fromid="479" toid="480"/>
			<item fromid="924"/>

			<item fromid="1387"/>
			<item fromid="1397"/>
			<!-- Ladders -->
			<item fromid="1386"/>
			<item fromid="3678"/>
			
			<!-- Stairs -->
			<item fromid="1385"/>
			<item fromid="1396"/>
			<item fromid="3687" toid="3688"/>
		</raw>
	</tileset>
	
	<tileset name="Monsters">
		<creatures>
			<creature name="amazon" type="monster" looktype="137" lookhead="113" lookbody="120" looklegs="114" lookfeet="132"/>
			<creature name="ancient scarab" type="monster" looktype="79"/>
			<creature name="assassin" type="monster" looktype="129" lookhead="95" lookbody="95" looklegs="95" lookfeet="95"/>
			<creature name="badger" type="monster" looktype="105"/>
			<creature name="bandit" type="monster" looktype="129" lookhead="58" lookbody="59" looklegs="45" lookfeet="114"/>
			<creature name="banshee" type="monster" looktype="78"/>
			<creature name="bat" type="monster" looktype="122"/>
			<creature name="bear" type="monster" looktype="16"/>
			<creature name="behemoth" type="monster" looktype="55"/>
			<creature name="beholder" type="monster" looktype="17"/>
			<creature name="black knight" type="monster" looktype="131" lookhead="95" lookbody="95" looklegs="95" lookfeet="95"/>
			<creature name="blue djinn" type="monster" looktype="80"/>
			<creature name="bonebeast" type="monster" looktype="101"/>
			<creature name="bug" type="monster" looktype="45"/>
			<creature name="butterfly" type="monster" looktype="10"/>
			<creature name="carniphila" type="monster" looktype="120"/>
			<creature name="cave rat" type="monster" looktype="56"/>
			<creature name="centipede" type="monster" looktype="124"/>
			<creature name="chicken" type="monster" looktype="111"/>
			<creature name="cobra" type="monster" looktype="81"/>
			<creature name="crab" type="monster" looktype="112"/>
			<creature name="crocodile" type="monster" looktype="119"/>
			<creature name="crypt shambler" type="monster" looktype="100"/>
			<creature name="cyclops" type="monster" looktype="22"/>
			<creature name="dark monk" type="monster" looktype="225"/>
 			<creature name="deer" type="monster" looktype="31"/>
			<creature name="demon" type="monster" looktype="35"/>
			<creature name="demon skeleton" type="monster" looktype="37"/>
			<creature name="dog" type="monster" looktype="32"/>
			<creature name="dragon" type="monster" looktype="34"/>
			<creature name="dragon lord" type="monster" looktype="39"/>
			<creature name="dwarf" type="monster" looktype="69"/>
			<creature name="dwarf geomancer" type="monster" looktype="66"/>
			<creature name="dwarf guard" type="monster" looktype="70"/>
			<creature name="dwarf soldier" type="monster" looktype="71"/>
			<creature name="dworc fleshhunter" type="monster" looktype="215"/>
			<creature name="dworc venomsniper" type="monster" looktype="216"/>
			<creature name="dworc voodoomaster" type="monster" looktype="214"/>
			<creature name="efreet" type="monster" looktype="103"/>
			<creature name="elder beholder" type="monster" looktype="108"/>
			<creature name="elephant" type="monster" looktype="211"/>
			<creature name="elf" type="monster" looktype="62"/>
			<creature name="elf arcanist" type="monster" looktype="63"/>
			<creature name="elf Scout" type="monster" looktype="64"/>
			<creature name="fire devil" type="monster" looktype="40"/>
			<creature name="fire elemental" type="monster" looktype="49"/>
			<creature name="flamingo" type="monster" looktype="212"/>
			<creature name="frost troll" type="monster" looktype="53"/>
			<creature name="gargoyle" type="monster" looktype="95"/>
			<creature name="gazer" type="monster" looktype="109"/>
			<creature name="ghost" type="monster" looktype="48"/>
			<creature name="ghoul" type="monster" looktype="18"/>
			<creature name="giant spider" type="monster" looktype="38"/>
			<creature name="goblin" type="monster" looktype="61"/>
			<creature name="green djinn" type="monster" looktype="51"/>
			<creature name="hero" type="monster" looktype="73"/>
			<creature name="hunter" type="monster" looktype="129" lookhead="95" lookbody="116" looklegs="121" lookfeet="115"/>
			<creature name="hyaena" type="monster" looktype="94"/>
			<creature name="hydra" type="monster" looktype="121"/>
			<creature name="kongra" type="monster" looktype="116"/>
			<creature name="larva" type="monster" looktype="82"/>
			<creature name="lich" type="monster" looktype="99" lookhead="95" lookbody="116" looklegs="119" lookfeet="115"/>
			<creature name="lion" type="monster" looktype="41"/>
			<creature name="lizard sentinel" type="monster" looktype="114"/>
			<creature name="lizard snakecharmer" type="monster" looktype="115"/>
			<creature name="lizard templar" type="monster" looktype="113"/>
			<creature name="marid" type="monster" looktype="104"/>
			<creature name="merlkin" type="monster" looktype="117"/>
			<creature name="minotaur" type="monster" looktype="25"/>
			<creature name="minotaur archer" type="monster" looktype="24"/>
			<creature name="minotaur guard" type="monster" looktype="29"/>
			<creature name="minotaur mage" type="monster" looktype="23"/>
			<creature name="monk" type="monster" looktype="57"/>
			<creature name="mummy" type="monster" looktype="65"/>
			<creature name="necromancer" type="monster" looktype="9"/>
			<creature name="orc" type="monster" looktype="5"/>
			<creature name="orc berserker" type="monster" looktype="8"/>
			<creature name="orc leader" type="monster" looktype="59"/>
			<creature name="orc rider" type="monster" looktype="4"/>
			<creature name="orc shaman" type="monster" looktype="6"/>
			<creature name="orc spearman" type="monster" looktype="50"/>
			<creature name="orc warlord" type="monster" looktype="2"/>
			<creature name="orc warrior" type="monster" looktype="7"/>
			<creature name="panda" type="monster" looktype="123"/>
			<creature name="parrot" type="monster" looktype="217"/>
			<creature name="pig" type="monster" looktype="60"/>
			<creature name="poison spider" type="monster" looktype="36"/>
			<creature name="polar bear" type="monster" looktype="42"/>
			<creature name="priestess" type="monster" looktype="58"/>
			<creature name="rabbit" type="monster" looktype="74"/>
			<creature name="rat" type="monster" looktype="21"/>
			<creature name="rotworm" type="monster" looktype="26"/>
			<creature name="scarab" type="monster" looktype="83"/>
			<creature name="scorpion" type="monster" looktype="43"/>
			<creature name="serpent spawn" type="monster" looktype="220"/>
			<creature name="sheep" type="monster" looktype="14"/>
			<creature name="sibang" type="monster" looktype="118"/>
			<creature name="skeleton" type="monster" looktype="33"/>
			<creature name="skunk" type="monster" looktype="106"/>
			<creature name="slime" type="monster" looktype="19"/>
			<creature name="smuggler" type="monster" looktype="134" lookhead="95" looklegs="113" lookfeet="115"/>
			<creature name="snake" type="monster" looktype="28"/>
			<creature name="spider" type="monster" looktype="30"/>
			<creature name="spit nettle" type="monster" looktype="221"/>
			<creature name="stalker" type="monster" looktype="128" lookhead="95" lookbody="116" looklegs="95" lookfeet="114"/>
			<creature name="stone golem" type="monster" looktype="67"/>
			<creature name="swamp troll" type="monster" looktype="76"/>
			<creature name="tarantula" type="monster" looktype="219"/>
			<creature name="terror bird" type="monster" looktype="218"/>
			<creature name="tiger" type="monster" looktype="125"/>
			<creature name="troll" type="monster" looktype="15"/>
			<creature name="valkyrie" type="monster" looktype="139" lookhead="113" lookbody="57" looklegs="95" lookfeet="113"/>
			<creature name="vampire" type="monster" looktype="68"/>
			<creature name="war wolf" type="monster" looktype="3"/>
			<creature name="warlock" type="monster" looktype="130" lookhead="19" lookbody="71" looklegs="128" lookfeet="128"/>
			<creature name="wasp" type="monster" looktype="44"/>
			<creature name="wild warrior" type="monster" looktype="131" lookhead="57" lookbody="57" looklegs="57" lookfeet="57"/>
			<creature name="winter wolf" type="monster" looktype="52"/>
			<creature name="witch" type="monster" looktype="54"/>
			<creature name="wolf" type="monster" looktype="27"/>
			<creature name="yeti" type="monster" looktype="110"/>
			<creature name="black sheep" type="monster" looktype="13"/>
			<creature name="butterfly blue" type="monster" looktype="227"/>
			<creature name="butterfly purple" type="monster" looktype="213"/>
			<creature name="butterfly yellow" type="monster" looktype="10"/>
			<creature name="butterfly red" type="monster" looktype="228"/>
		</creatures>
	</tileset>
	
	<tileset name="Tibia Bosses">
		<creatures>
			<creature name="deathslicer" type="monster" looktype="102"/>
			<creature name="flamethrower" type="monster"/>
			<creature name="magicthrower" type="monster" lookitem="1560"/>
			<creature name="plaguethrower" type="monster"/>
			<creature name="shredderthrower" type="monster"/>
			<creature name="demongoblin" type="monster" looktype="35"/>
			<creature name="Tiquandas Revenge" type="monster" looktype="120"/>
			<creature name="Demodras" type="monster" looktype="204"/>
			<creature name="Dharalion" type="monster" looktype="203"/>
			<creature name="Fernfang" type="monster" looktype="206"/>
			<creature name="General Murius" type="monster" looktype="202"/>
			<creature name="Grorlam" type="monster" looktype="205"/>
			<creature name="Necropharus" type="monster" looktype="209"/>
			<creature name="The Evil Eye" type="monster" looktype="210"/>
			<creature name="The Horned Fox" type="monster" looktype="202"/>
			<creature name="The Old Widow" type="monster" looktype="208"/>
			<creature name="Ashmunrah" type="monster" looktype="87"/>
			<creature name="Dipthrah" type="monster" looktype="87"/>
			<creature name="Mahrdis" type="monster" looktype="90"/>
			<creature name="Morguthis" type="monster" looktype="90"/>
			<creature name="Omruc" type="monster" looktype="90"/>
			<creature name="Rahemos" type="monster" looktype="87"/>
			<creature name="Thalas" type="monster" looktype="90"/>
			<creature name="Vashresamun" type="monster" looktype="90"/>
			<creature name="Orshabaal" type="monster" looktype="201"/>  
		</creatures>
	</tileset>

</materials>
