<?xml version="1.0" encoding="UTF-8"?>
<creatures>
    <creature name="Abyssador" type="monster" looktype="495"/>
    <creature name="Achad" type="monster" looktype="146" lookhead="93" lookbody="93" looklegs="57" lookfeet="97"/>
    <creature name="Acid Blob" type="monster" looktype="314"/>
    <creature name="Acolyte of the Cult" type="monster" looktype="194" lookhead="114" lookbody="121" looklegs="121" lookfeet="57"/>
    <creature name="Adept of the Cult" type="monster" looktype="194" lookhead="114" lookbody="94" looklegs="94" lookfeet="57"/>
    <creature name="Adventurer" type="monster" looktype="129" lookhead="92" lookbody="15" looklegs="92" lookfeet="82"/>
    <creature name="Amazon" type="monster" looktype="137" lookhead="113" lookbody="120" looklegs="114" lookfeet="132"/>
    <creature name="Ancient Scarab" type="monster" looktype="79"/>
    <creature name="Angry Adventurer" type="monster" looktype="129" lookhead="92" lookbody="15" looklegs="92" lookfeet="82"/>
    <creature name="Annihilon" type="monster" looktype="12" lookhead="19" lookbody="104" looklegs="96" lookfeet="96"/>
    <creature name="Apocalypse" type="monster" looktype="12" lookhead="38" lookbody="114" looklegs="0" lookfeet="94"/>
    <creature name="Apprentice Sheng" type="monster" looktype="23"/>
    <creature name="Arachir the Ancient One" type="monster" looktype="287"/>
    <creature name="Armadile" type="monster" looktype="487"/>
    <creature name="Armenius" type="monster" looktype="79"/>
    <creature name="Asassin" type="monster" looktype="152" lookhead="114" lookbody="95" looklegs="95" lookfeet="95"/>
    <creature name="Ashmunrah" type="monster" looktype="87"/>
    <creature name="Askarak Demon" type="monster" looktype="420"/>
    <creature name="Askarak Lord" type="monster" looktype="410"/>
    <creature name="Askarak Prince" type="monster" looktype="419"/>
    <creature name="Assassin" type="monster" looktype="152" lookhead="114" lookbody="95" looklegs="95" lookfeet="95"/>
    <creature name="Avalanche" type="monster" looktype="261"/>
    <creature name="Axeitus Headbanger" type="monster" looktype="71"/>
    <creature name="Azerus" type="monster" looktype="309" lookhead="19" lookbody="96" looklegs="21" lookfeet="81"/>
    <creature name="Azure Frog" type="monster" looktype="226" lookhead="69" lookbody="66" looklegs="69" lookfeet="66"/>
    <creature name="Bad Dream" type="monster" lookitem="22444"/>
    <creature name="Badger" type="monster" looktype="105"/>
    <creature name="Bandit" type="monster" looktype="129" lookhead="58" lookbody="59" looklegs="45" lookfeet="114"/>
    <creature name="Bane Bringer" type="monster" looktype="310"/>
    <creature name="Banshee" type="monster" looktype="78"/>
    <creature name="Barbaria" type="monster" looktype="264" lookhead="78" lookbody="116" looklegs="95" lookfeet="121"/>
    <creature name="Barbarian Bloodwalker" type="monster" looktype="255" lookhead="114" lookbody="132" looklegs="132" lookfeet="132"/>
    <creature name="Barbarian Brutetamer" type="monster" looktype="264" lookhead="78" lookbody="116" looklegs="95" lookfeet="121"/>
    <creature name="Barbarian Headsplitter" type="monster" looktype="253" lookhead="115" lookbody="105" looklegs="119" lookfeet="132"/>
    <creature name="Barbarian Skullhunter" type="monster" looktype="254" lookhead="0" lookbody="77" looklegs="77" lookfeet="114"/>
    <creature name="Baron Brute" type="monster" looktype="2"/>
    <creature name="Bat" type="monster" looktype="122"/>
    <creature name="Battlemaster Zunzu" type="monster" looktype="343"/>
    <creature name="Bazir" type="monster" looktype="35" lookhead="0" lookbody="0" looklegs="0" lookfeet="0"/>
    <creature name="Bear" type="monster" looktype="16"/>
    <creature name="Behemoth" type="monster" looktype="55"/>
    <creature name="Beholder" type="monster" looktype="17"/>
    <creature name="Berserker Chicken" type="monster" looktype="111"/>
    <creature name="Betrayed Wraith" type="monster" looktype="233"/>
    <creature name="Big Boss Trolliver" type="monster" looktype="281"/>
    <creature name="Black Knight" type="monster" looktype="131" lookhead="95" lookbody="95" looklegs="95" lookfeet="95"/>
    <creature name="Black Sheep" type="monster" looktype="13"/>
    <creature name="Blazing Fire Elemental" type="monster" looktype="49"/>
    <creature name="Blightwalker" type="monster" looktype="246"/>
    <creature name="Blistering Fire Elemental" type="monster" looktype="242"/>
    <creature name="Blood Crab" type="monster" looktype="200"/>
    <creature name="Blood Crab Underwater" type="monster" looktype="200"/>
    <creature name="Blood Hand" type="monster" looktype="552"/>
    <creature name="Blood Priest" type="monster" looktype="553"/>
    <creature name="Bloodpaw" type="monster" looktype="42"/>
    <creature name="Blue Butterfly" type="monster" looktype="227"/>
    <creature name="Blue Djinn" type="monster" looktype="80"/>
    <creature name="Boar" type="monster" looktype="380"/>
    <creature name="Bog Frog" type="monster" looktype="412"/>
    <creature name="Bog Raider" type="monster" looktype="299"/>
    <creature name="Bone Beast" type="monster" looktype="101"/>
    <creature name="Bonebeast" type="monster" looktype="101"/>
    <creature name="Bonelord" type="monster" looktype="17"/>
    <creature name="Bones" type="monster" looktype="231"/>
    <creature name="Boogey" type="monster" looktype="300"/>
    <creature name="Bovinus" type="monster" looktype="25"/>
    <creature name="Braindeath" type="monster" looktype="256"/>
    <creature name="Brimstone Bug" type="monster" looktype="352"/>
    <creature name="Brutus Bloodbeard" type="monster" looktype="98"/>
    <creature name="Bug" type="monster" looktype="45"/>
    <creature name="Butterfly" type="monster" looktype="227" lookhead="20" lookbody="30" looklegs="40" lookfeet="50"/>
    <creature name="Calamary" type="monster" looktype="451"/>
    <creature name="Carniphila" type="monster" looktype="120"/>
    <creature name="Carrion Worm" type="monster" looktype="192"/>
    <creature name="Cat" type="monster" looktype="276"/>
    <creature name="Cave Rat" type="monster" looktype="56"/>
    <creature name="Centipede" type="monster" looktype="124"/>
    <creature name="Chakoya Toolshaper" type="monster" looktype="259"/>
    <creature name="Chakoya Tribewarden" type="monster" looktype="259"/>
    <creature name="Chakoya Windcaller" type="monster" looktype="260"/>
    <creature name="Charged Energy Elemental" type="monster" looktype="293"/>
    <creature name="Chicken" type="monster" looktype="111"/>
    <creature name="Chizzoron the Distorter" type="monster" looktype="340"/>
    <creature name="Choking Fear" type="monster" looktype="586"/>
    <creature name="Clay Guardian" type="monster" looktype="333"/>
    <creature name="Cliff Strider" type="monster" looktype="497"/>
    <creature name="Cobra" type="monster" looktype="81"/>
    <creature name="Cockroach" type="monster" looktype="284"/>
    <creature name="Coldheart" type="monster" looktype="261"/>
    <creature name="Colerian The Barbarian" type="monster" looktype="253" lookhead="76" lookbody="115" looklegs="115" lookfeet="43"/>
    <creature name="Coral Frog" type="monster" looktype="226" lookhead="114" lookbody="98" looklegs="97" lookfeet="114"/>
    <creature name="Corym Charlatan" type="monster" looktype="532" lookbody="97" looklegs="116"/>
    <creature name="Corym Skirmisher" type="monster" looktype="533" looklegs="101"/>
    <creature name="Corym Vanguard" type="monster" looktype="534" lookhead="101" looklegs="101"/>
    <creature name="Countess Sorrow" type="monster" looktype="241" lookhead="20"/>
    <creature name="Crab" type="monster" looktype="112"/>
    <creature name="Crawler" type="monster" looktype="456"/>
    <creature name="Crazed Beggar" type="monster" looktype="153" lookhead="59" lookbody="38" looklegs="38" lookfeet="97"/>
    <creature name="Crimson Frog" type="monster" looktype="226" lookhead="94" lookbody="78" looklegs="94" lookfeet="78"/>
    <creature name="Crocodile" type="monster" looktype="119"/>
    <creature name="Crustacea Gigantica" type="monster" looktype="383"/>
    <creature name="Crypt Defiler" type="monster" looktype="146" lookhead="115" lookbody="115" looklegs="61" lookfeet="96"/>
    <creature name="Crypt Shambler" type="monster" looktype="100"/>
    <creature name="Crystal Spider" type="monster" looktype="263"/>
    <creature name="Crystal Wolf" type="monster" looktype="391"/>
    <creature name="Crystalcrusher" type="monster" looktype="511"/>
    <creature name="Cursed Gladiator" type="monster" looktype="100"/>
    <creature name="Cyclops" type="monster" looktype="22"/>
    <creature name="Cyclops Drone" type="monster" looktype="280"/>
    <creature name="Cyclops Smith" type="monster" looktype="277"/>
    <creature name="Damaged Crystal Golem" type="monster" looktype="508"/>
    <creature name="Damaged Worker Golem" type="monster" looktype="304"/>
    <creature name="Darakan the Executioner" type="monster" looktype="255" lookhead="78" lookbody="114" looklegs="114" lookfeet="114"/>
    <creature name="Dark Apprentice" type="monster" looktype="133" lookhead="78" lookbody="57" looklegs="95" lookfeet="115"/>
    <creature name="Dark Magician" type="monster" looktype="133" lookhead="116" lookbody="95" looklegs="50" lookfeet="132"/>
    <creature name="Dark Monk" type="monster" looktype="225"/>
    <creature name="Dark Torturer" type="monster" looktype="234"/>
    <creature name="Deadeye Devious" type="monster" looktype="151" lookhead="115" lookbody="76" looklegs="35" lookfeet="117"/>
    <creature name="Death Blob" type="monster" looktype="315"/>
    <creature name="Death Priest" type="monster" looktype="99" lookhead="95" lookbody="116" looklegs="119" lookfeet="115"/>
    <creature name="Deathbine" type="monster" looktype="120"/>
    <creature name="Deathbringer" type="monster" looktype="231"/>
    <creature name="Deathslicer" type="monster" looktype="102"/>
    <creature name="Deathspawn" type="monster" looktype="226" lookhead="114" lookbody="98" looklegs="97" lookfeet="114"/>
    <creature name="Deathstrike" type="monster" looktype="500"/>
    <creature name="Deepling Brawler" type="monster" looktype="470"/>
    <creature name="Deepling Elite" type="monster" looktype="441"/>
    <creature name="Deepling Guard" type="monster" looktype="442"/>
    <creature name="Deepling Master Librarian" type="monster" looktype="443"/>
    <creature name="Deepling Scout" type="monster" looktype="413"/>
    <creature name="Deepling Spellsinger" type="monster" looktype="443"/>
    <creature name="Deepling Tyrant" type="monster" looktype="442"/>
    <creature name="Deepling Warrior" type="monster" looktype="441"/>
    <creature name="Deepling worker" type="monster" looktype="470"/>
    <creature name="Deer" type="monster" looktype="31"/>
    <creature name="Defiler" type="monster" looktype="238"/>
    <creature name="Demodras" type="monster" looktype="204"/>
    <creature name="Demon" type="monster" looktype="35"/>
    <creature name="Demon (Goblin)" type="monster" looktype="35"/>
    <creature name="Demon Outcast" type="monster" looktype="590"/>
    <creature name="Demon Parrot" type="monster" looktype="217"/>
    <creature name="Demon Skeleton" type="monster" looktype="37"/>
    <creature name="Desperate White Deer" type="monster" looktype="400"/>
    <creature name="Destroyer" type="monster" looktype="236"/>
    <creature name="Dharalion" type="monster" looktype="203"/>
    <creature name="Diabolic Imp" type="monster" looktype="237"/>
    <creature name="Diamond Servant" type="monster" looktype="397"/>
    <creature name="Diblis the Fair" type="monster" looktype="287"/>
    <creature name="Dipthrah" type="monster" looktype="87"/>
    <creature name="Dire Penguin" type="monster" looktype="250"/>
    <creature name="Dirtbeard" type="monster" looktype="98"/>
    <creature name="Diseased Bill" type="monster" looktype="299"/>
    <creature name="Diseased Dan" type="monster" looktype="299"/>
    <creature name="Diseased Fred" type="monster" looktype="299"/>
    <creature name="Dog" type="monster" looktype="32"/>
    <creature name="Donkey" type="monster" looktype="387"/>
    <creature name="Doom Deer" type="monster" looktype="31"/>
    <creature name="Doomhowl" type="monster" looktype="308"/>
    <creature name="Dracola" type="monster" looktype="231"/>
    <creature name="Dragon" type="monster" looktype="34"/>
    <creature name="Dragon Hatchling" type="monster" looktype="271"/>
    <creature name="Dragon Lord" type="monster" looktype="39"/>
    <creature name="Dragon Lord Hatchling" type="monster" looktype="272"/>
    <creature name="Dragonling" type="monster" looktype="505"/>
    <creature name="Draken Abomination" type="monster" looktype="357"/>
    <creature name="Draken Elite" type="monster" looktype="362"/>
    <creature name="Draken Spellweaver" type="monster" looktype="340"/>
    <creature name="Draken Warmaster" type="monster" looktype="334"/>
    <creature name="Draptor" type="monster" looktype="382"/>
    <creature name="Drasilla" type="monster" looktype="34"/>
    <creature name="Dreadbeast" type="monster" looktype="101" lookhead="20" lookbody="30" looklegs="40" lookfeet="50"/>
    <creature name="Dreadwing" type="monster" looktype="307"/>
    <creature name="Drillworm" type="monster" looktype="527"/>
    <creature name="Dromedary" type="monster" looktype="404"/>
    <creature name="Dwarf" type="monster" looktype="69"/>
    <creature name="Dwarf Geomancer" type="monster" looktype="66"/>
    <creature name="Dwarf Guard" type="monster" looktype="70"/>
    <creature name="Dwarf Miner" type="monster" looktype="160" lookhead="77" lookbody="101" looklegs="97" lookfeet="115"/>
    <creature name="Dwarf Soldier" type="monster" looktype="71"/>
    <creature name="Dworc Fleshhunter" type="monster" looktype="215"/>
    <creature name="Dworc Venomsniper" type="monster" looktype="216"/>
    <creature name="Dworc Voodoomaster" type="monster" looktype="214"/>
    <creature name="Earth Elemental" type="monster" looktype="301"/>
    <creature name="Earth Overlord" type="monster" looktype="285"/>
    <creature name="Efreet" type="monster" looktype="103"/>
    <creature name="Elder Beholder" type="monster" looktype="108"/>
    <creature name="Elder Bonelord" type="monster" looktype="108"/>
    <creature name="Elder Mummy" type="monster" looktype="65" lookhead="20" lookbody="30" looklegs="40" lookfeet="50"/>
    <creature name="Elder Wyrm" type="monster" looktype="561"/>
    <creature name="Elephant" type="monster" looktype="211"/>
    <creature name="Elf" type="monster" looktype="62"/>
    <creature name="Elf Arcanist" type="monster" looktype="63"/>
    <creature name="Elf Scout" type="monster" looktype="64"/>
    <creature name="Emerald Damselfly" type="monster" looktype="528"/>
    <creature name="Energized Raging Mage" type="monster" looktype="423"/>
    <creature name="Energy Elemental" type="monster" looktype="293"/>
    <creature name="Energy Overlord" type="monster" looktype="290"/>
    <creature name="Enlightened of the Cult" type="monster" looktype="193"/>
    <creature name="Enraged Crystal Golem" type="monster" looktype="508"/>
    <creature name="Enraged White Deer" type="monster" looktype="400"/>
    <creature name="Enslaved Dwarf" type="monster" looktype="494"/>
    <creature name="Esmeralda" type="monster" looktype="305"/>
    <creature name="Essence of Darkness" type="monster" looktype="315"/>
    <creature name="Eternal Guardian" type="monster" looktype="345"/>
    <creature name="Evil Mastermind" type="monster" looktype="256"/>
    <creature name="Evil Sheep" type="monster" looktype="14"/>
    <creature name="Evil Sheep Lord" type="monster" looktype="13"/>
    <creature name="Eye of the Seven" type="monster" lookitem="1560"/>
    <creature name="Fallen Mooh'tah Master Ghar" type="monster" looktype="29"/>
    <creature name="Fatality" type="monster" looktype="113"/>
    <creature name="Fernfang" type="monster" looktype="206"/>
    <creature name="Ferumbras" type="monster" looktype="229"/>
    <creature name="Feverish Citizen" type="monster" looktype="425"/>
    <creature name="Feversleep" type="monster" looktype="593"/>
    <creature name="Filth Toad" type="monster" looktype="222"/>
    <creature name="Fire Devil" type="monster" looktype="40"/>
    <creature name="Fire Elemental" type="monster" looktype="49"/>
    <creature name="Fire Overlord" type="monster" looktype="243"/>
    <creature name="Firestarter" type="monster" looktype="159" lookhead="94" lookbody="77" looklegs="78" lookfeet="79"/>
    <creature name="Fish" type="monster" looktype="455"/>
    <creature name="Flamethrower" type="monster" lookitem="1551"/>
    <creature name="Flamingo" type="monster" looktype="212"/>
    <creature name="Fleshslicer" type="monster" looktype="457"/>
    <creature name="Floor Blob" type="monster" looktype="459"/>
    <creature name="Fluffy" type="monster" looktype="240"/>
    <creature name="Foreman Kneebiter" type="monster" looktype="70"/>
    <creature name="Forest Fury" type="monster" looktype="569"/>
    <creature name="Frazzlemaw" type="monster" looktype="594"/>
    <creature name="Freegoiz" type="monster" looktype="12" lookhead="38" lookbody="114" looklegs="0" lookfeet="94"/>
    <creature name="Frost Dragon" type="monster" looktype="248"/>
    <creature name="Frost Dragon Hatchling" type="monster" looktype="283"/>
    <creature name="Frost Giant" type="monster" looktype="257"/>
    <creature name="Frost Giantess" type="monster" looktype="265"/>
    <creature name="Frost Troll" type="monster" looktype="53"/>
    <creature name="Frostfur" type="monster" looktype="52"/>
    <creature name="Furious Orc Berserker" type="monster" looktype="74"/>
    <creature name="Furious Troll" type="monster" looktype="15"/>
    <creature name="Fury" type="monster" looktype="149" lookhead="94" lookbody="77" looklegs="96" lookfeet="0"/>
    <creature name="Fury of the Emperor" type="monster" looktype="351"/>
    <creature name="Gang Member" type="monster" looktype="151" lookhead="114" lookbody="19" looklegs="42" lookfeet="20"/>
    <creature name="Gargoyle" type="monster" looktype="95"/>
    <creature name="Gaz'haragoth" type="monster" looktype="591" lookhead="0" lookbody="94" looklegs="79" lookfeet="79"/>
    <creature name="Gazer" type="monster" looktype="109"/>
    <creature name="General Murius" type="monster" looktype="202"/>
    <creature name="Ghastly Dragon" type="monster" looktype="351"/>
    <creature name="Ghazbaran" type="monster" looktype="12" lookhead="0" lookbody="123" looklegs="97" lookfeet="94"/>
    <creature name="Ghost" type="monster" looktype="48"/>
    <creature name="Ghoul" type="monster" looktype="18"/>
    <creature name="Ghoulish Hyaena" type="monster" looktype="94" lookhead="20" lookbody="30" looklegs="40" lookfeet="50"/>
    <creature name="Giant Spider" type="monster" looktype="38"/>
    <creature name="Giant Spider Wyda" type="monster" looktype="38"/>
    <creature name="Gladiator" type="monster" looktype="131" lookhead="78" lookbody="3" looklegs="79" lookfeet="114"/>
    <creature name="Glitterscale" type="monster" looktype="34"/>
    <creature name="Gnarlhound" type="monster" looktype="341"/>
    <creature name="Gnomevil" type="monster" looktype="504"/>
    <creature name="Gnorre Chyllson" type="monster" looktype="251" lookhead="11" lookbody="9" looklegs="11" lookfeet="85"/>
    <creature name="Goblin" type="monster" looktype="61"/>
    <creature name="Goblin Assassin" type="monster" looktype="296"/>
    <creature name="Goblin Leader" type="monster" looktype="61"/>
    <creature name="Goblin Scavenger" type="monster" looktype="297"/>
    <creature name="Golden Servant" type="monster" looktype="396"/>
    <creature name="Golgordan" type="monster" looktype="12" lookhead="108" lookbody="100" looklegs="105" lookfeet="114"/>
    <creature name="Gozzler" type="monster" looktype="313"/>
    <creature name="Grand Mother Foulscale" type="monster" looktype="34"/>
    <creature name="Grave Guard" type="monster" looktype="234"/>
    <creature name="Grave Robber" type="monster" looktype="146" lookhead="114" lookbody="95" looklegs="76" lookfeet="38"/>
    <creature name="Gravedigger" type="monster" looktype="558"/>
    <creature name="Green Djinn" type="monster" looktype="51"/>
    <creature name="Green Frog" type="monster" looktype="224" lookhead="69" lookbody="66" looklegs="69" lookfeet="66"/>
    <creature name="Grim Reaper" type="monster" looktype="300"/>
    <creature name="Grimgor Guteater" type="monster" looktype="2"/>
    <creature name="Groam" type="monster" looktype="413"/>
    <creature name="Grorlam" type="monster" looktype="205"/>
    <creature name="Grynch Clan Goblin" type="monster" looktype="61"/>
    <creature name="Guzzlemaw" type="monster" looktype="584"/>
    <creature name="Hacker" type="monster" looktype="8"/>
    <creature name="Hairman the Huge" type="monster" looktype="116" lookhead="20" lookbody="30" looklegs="40" lookfeet="50"/>
    <creature name="Hand of Cursed Fate" type="monster" looktype="230"/>
    <creature name="Handmaiden" type="monster" looktype="230"/>
    <creature name="Haunted Treeling" type="monster" looktype="310"/>
    <creature name="Haunter" type="monster" looktype="320"/>
    <creature name="Hellfire Fighter" type="monster" looktype="243"/>
    <creature name="Hellgorak" type="monster" looktype="12" lookhead="19" lookbody="96" looklegs="21" lookfeet="81"/>
    <creature name="Hellhound" type="monster" looktype="240"/>
    <creature name="Hellspawn" type="monster" looktype="322"/>
    <creature name="Heoni" type="monster" looktype="239"/>
    <creature name="Herald of Gloom" type="monster" looktype="320"/>
    <creature name="Hero" type="monster" looktype="73"/>
    <creature name="Hide" type="monster" looktype="219"/>
    <creature name="Hideous Fungus" type="monster" looktype="499"/>
    <creature name="Hive Overseer" type="monster" looktype="458"/>
    <creature name="Hive Pore" type="monster" lookitem="15467"/>
    <creature name="Honour Guard" type="monster" looktype="298"/>
    <creature name="Horestis" type="monster" looktype="88" lookhead="20" lookbody="30" looklegs="40" lookfeet="50"/>
    <creature name="Horse" type="monster" looktype="435"/>
    <creature name="Horse1" type="monster" looktype="436"/>
    <creature name="Horse2" type="monster" looktype="429"/>
    <creature name="Horse3" type="monster" looktype="434"/>
    <creature name="Hot Dog" type="monster" looktype="32"/>
    <creature name="Humongous Fungus" type="monster" looktype="488"/>
    <creature name="Humorless Fungus" type="monster" looktype="517"/>
    <creature name="Hunter" type="monster" looktype="129" lookhead="95" lookbody="116" looklegs="121" lookfeet="115"/>
    <creature name="Husky" type="monster" looktype="258"/>
    <creature name="Hyaena" type="monster" looktype="94"/>
    <creature name="Hydra" type="monster" looktype="121"/>
    <creature name="Ice Golem" type="monster" looktype="261"/>
    <creature name="Ice Overlord" type="monster" looktype="11"/>
    <creature name="Ice Witch" type="monster" looktype="149" lookhead="0" lookbody="47" looklegs="105" lookfeet="105"/>
    <creature name="Incineron" type="monster" looktype="243"/>
    <creature name="Incredibly Old Witch" type="monster" looktype="54" lookhead="20" lookbody="30" looklegs="40" lookfeet="50"/>
    <creature name="Infected Weeper" type="monster" looktype="489"/>
    <creature name="Infernal Frog" type="monster" looktype="224" lookhead="69" lookbody="66" looklegs="69" lookfeet="66"/>
    <creature name="Infernalist" type="monster" looktype="130" lookhead="78" lookbody="76" looklegs="94" lookfeet="115"/>
    <creature name="Infernatil" type="monster" looktype="35" lookhead="0" lookbody="0" looklegs="0" lookfeet="0"/>
    <creature name="Inky" type="monster" looktype="46"/>
    <creature name="Insect Swarm" type="monster" looktype="349"/>
    <creature name="Insectoid Scout" type="monster" looktype="403"/>
    <creature name="Insectoid Worker" type="monster" looktype="403"/>
    <creature name="Iron Servant" type="monster" looktype="395"/>
    <creature name="Ironblight" type="monster" looktype="498"/>
    <creature name="Island Troll" type="monster" looktype="282"/>
    <creature name="Jagged Earth Elemental" type="monster" looktype="285"/>
    <creature name="Jaul" type="monster" looktype="444"/>
    <creature name="Jellyfish" type="monster" looktype="452"/>
    <creature name="Juggernaut" type="monster" looktype="244"/>
    <creature name="Killer Caiman" type="monster" looktype="358"/>
    <creature name="Killer Rabbit" type="monster" looktype="74"/>
    <creature name="Kollos" type="monster" looktype="458"/>
    <creature name="Kongra" type="monster" looktype="116"/>
    <creature name="Koshei The Deathless" type="monster" looktype="99" lookhead="95" lookbody="116" looklegs="119" lookfeet="115"/>
    <creature name="Kraknaknork" type="monster" looktype="74"/>
    <creature name="Kraknaknork Demon" type="monster" looktype="12" lookhead="117" lookbody="58" looklegs="117" lookfeet="0"/>
    <creature name="Kraknaknork's Demon" type="monster" looktype=""/>
    <creature name="Kreebosh the Exile" type="monster" looktype="103"/>
    <creature name="Lady Bug" type="monster" looktype="448"/>
    <creature name="Lancer Beetle" type="monster" looktype="348"/>
    <creature name="Larva" type="monster" looktype="82"/>
    <creature name="Latrivan" type="monster" looktype="12" lookhead="120" lookbody="128" looklegs="121" lookfeet="111"/>
    <creature name="Lava Golem" type="monster" looktype="491"/>
    <creature name="Lavahole" type="monster" lookitem="389"/>
    <creature name="Leaf Golem" type="monster" looktype="567"/>
    <creature name="Lesser Swarmer" type="monster" looktype="460"/>
    <creature name="Lethal Lissy" type="monster" looktype="155" lookhead="77" lookbody="0" looklegs="76" lookfeet="132"/>
    <creature name="Leviathan" type="monster" looktype="275"/>
    <creature name="Lich" type="monster" looktype="99" lookhead="95" lookbody="116" looklegs="119" lookfeet="115"/>
    <creature name="Lion" type="monster" looktype="41"/>
    <creature name="Little Corym Charlatan" type="monster" looktype="532" lookbody="97" looklegs="116"/>
    <creature name="Lizard Abomination" type="monster" looktype="364"/>
    <creature name="Lizard Chosen" type="monster" looktype="344"/>
    <creature name="Lizard Dragon Priest" type="monster" looktype="339"/>
    <creature name="Lizard High Guard" type="monster" looktype="337"/>
    <creature name="Lizard Legionnaire" type="monster" looktype="338"/>
    <creature name="Lizard Magistratus" type="monster" looktype="115"/>
    <creature name="Lizard Noble" type="monster" looktype="115"/>
    <creature name="Lizard Sentinel" type="monster" looktype="114"/>
    <creature name="Lizard Snakecharmer" type="monster" looktype="115"/>
    <creature name="Lizard Templar" type="monster" looktype="113"/>
    <creature name="Lizard Zaogun" type="monster" looktype="343"/>
    <creature name="Lord of the Elements" type="monster" looktype="290"/>
    <creature name="Lost Basher" type="monster" looktype="538"/>
    <creature name="Lost Berserker" type="monster" looktype="496"/>
    <creature name="Lost Husher" type="monster" looktype="537"/>
    <creature name="Lost Soul" type="monster" looktype="232"/>
    <creature name="Lost Thrower" type="monster" looktype="539"/>
    <creature name="Mad Mage" type="monster" looktype="394"/>
    <creature name="Mad Scientist" type="monster" looktype="133" lookhead="97" lookbody="0" looklegs="38" lookfeet="97"/>
    <creature name="Mad Technomancer" type="monster" looktype="66"/>
    <creature name="Madareth" type="monster" looktype="12" lookhead="77" lookbody="116" looklegs="82" lookfeet="79"/>
    <creature name="Magic Pillar" type="monster" looktype="0"/>
    <creature name="Magicthrower" type="monster" lookitem="1551"/>
    <creature name="Magma Crawler" type="monster" looktype="492"/>
    <creature name="Mahrdis" type="monster" looktype="90"/>
    <creature name="Mammoth" type="monster" looktype="199"/>
    <creature name="Man In The Cave" type="monster" looktype="128" lookhead="95" lookbody="116" looklegs="95" lookfeet="114"/>
    <creature name="Manta Ray" type="monster" looktype="449"/>
    <creature name="Marid" type="monster" looktype="104"/>
    <creature name="Marsh Stalker" type="monster" looktype="530"/>
    <creature name="Massacre" type="monster" looktype="244"/>
    <creature name="Massive Earth Elemental" type="monster" looktype="285"/>
    <creature name="Massive Energy Elemental" type="monster" looktype="290"/>
    <creature name="Massive Fire Elemental" type="monster" looktype="242"/>
    <creature name="Massive Water Elemental" type="monster" looktype="11"/>
    <creature name="Mawhawk" type="monster" looktype="595"/>
    <creature name="Mechanical Fighter" type="monster" looktype="102"/>
    <creature name="Medusa" type="monster" looktype="330"/>
    <creature name="Menace" type="monster" looktype="113"/>
    <creature name="Mephiles" type="monster" looktype="237"/>
    <creature name="Mercury Blob" type="monster" looktype="316"/>
    <creature name="Merlkin" type="monster" looktype="117"/>
    <creature name="Midnight Panther" type="monster" looktype="385"/>
    <creature name="Midnight Spawn" type="monster" looktype="315"/>
    <creature name="Mimic" type="monster" looktype="92"/>
    <creature name="Minion of Gaz'haragoth" type="monster" looktype="590"/>
    <creature name="Minishabaal" type="monster" looktype="237"/>
    <creature name="Minotaur" type="monster" looktype="25"/>
    <creature name="Minotaur Archer" type="monster" looktype="24"/>
    <creature name="Minotaur Guard" type="monster" looktype="29"/>
    <creature name="Minotaur Mage" type="monster" looktype="23"/>
    <creature name="Modified Gnarlhound" type="monster" looktype="515"/>
    <creature name="Monk" type="monster" looktype="57"/>
    <creature name="Monstor" type="monster" looktype="244"/>
    <creature name="Morgaroth" type="monster" looktype="12" lookhead="0" lookbody="94" looklegs="79" lookfeet="79"/>
    <creature name="Morguthis" type="monster" looktype="90"/>
    <creature name="Morik the Gladiator" type="monster" looktype="131" lookhead="57" lookbody="57" looklegs="57" lookfeet="57"/>
    <creature name="Mr. Punish" type="monster" looktype="234"/>
    <creature name="Muddy Earth Elemental" type="monster" looktype="301"/>
    <creature name="Mummy" type="monster" looktype="65"/>
    <creature name="Munster" type="monster" looktype="56"/>
    <creature name="Mushroom Sniffer" type="monster" looktype="60"/>
    <creature name="Mutated Bat" type="monster" looktype="307"/>
    <creature name="Mutated Human" type="monster" looktype="323"/>
    <creature name="Mutated Rat" type="monster" looktype="305"/>
    <creature name="Mutated Tiger" type="monster" looktype="318"/>
    <creature name="Necromancer" type="monster" looktype="9"/>
    <creature name="Necromancer Servant" type="monster" looktype="9"/>
    <creature name="Necropharus" type="monster" looktype="209"/>
    <creature name="Nightfiend" type="monster" looktype="568"/>
    <creature name="Nightmare" type="monster" looktype="245"/>
    <creature name="Nightmare Scion" type="monster" looktype="321"/>
    <creature name="Nightmare of Gaz'haragoth" type="monster" looktype="587"/>
    <creature name="Nightstalker" type="monster" looktype="320"/>
    <creature name="Nomad" type="monster" looktype="146" lookhead="114" lookbody="20" looklegs="22" lookfeet="2"/>
    <creature name="Norgle Glacierbeard" type="monster" looktype="257"/>
    <creature name="Northern Pike" type="monster" looktype="454"/>
    <creature name="Novice of the Cult" type="monster" looktype="133" lookhead="114" lookbody="95" looklegs="114" lookfeet="114"/>
    <creature name="Obujos" type="monster" looktype="445"/>
    <creature name="Omruc" type="monster" looktype="90"/>
    <creature name="Orc" type="monster" looktype="5"/>
    <creature name="Orc Berserker" type="monster" looktype="8"/>
    <creature name="Orc Leader" type="monster" looktype="59"/>
    <creature name="Orc Marauder" type="monster" looktype="342"/>
    <creature name="Orc Rider" type="monster" looktype="4"/>
    <creature name="Orc Shaman" type="monster" looktype="6"/>
    <creature name="Orc Spearman" type="monster" looktype="50"/>
    <creature name="Orc Warlord" type="monster" looktype="2"/>
    <creature name="Orc Warrior" type="monster" looktype="7"/>
    <creature name="Orchid Frog" type="monster" looktype="226" lookhead="109" lookbody="14" looklegs="109" lookfeet="114"/>
    <creature name="Orcus the Cruel" type="monster" looktype="59"/>
    <creature name="Orewalker" type="monster" looktype="490"/>
    <creature name="Orshabaal" type="monster" looktype="201"/>
    <creature name="Overcharged Energy Elemental" type="monster" looktype="290"/>
    <creature name="Panda" type="monster" looktype="123"/>
    <creature name="Parasite" type="monster" looktype="82"/>
    <creature name="Parrot" type="monster" looktype="217"/>
    <creature name="Party Skeleton" type="monster" looktype="33"/>
    <creature name="Penguin" type="monster" looktype="250"/>
    <creature name="Phantasm" type="monster" looktype="241" lookhead="20"/>
    <creature name="Phantasm Summon" type="monster" looktype="241" lookhead="20"/>
    <creature name="Pig" type="monster" looktype="60"/>
    <creature name="Pigeon" type="monster" looktype="531"/>
    <creature name="Pink Butterfly" type="monster" looktype="213"/>
    <creature name="Pirate Buccaneer" type="monster" looktype="97"/>
    <creature name="Pirate Corsair" type="monster" looktype="98"/>
    <creature name="Pirate Cutthroat" type="monster" looktype="96"/>
    <creature name="Pirate Ghost" type="monster" looktype="196"/>
    <creature name="Pirate Marauder" type="monster" looktype="93"/>
    <creature name="Pirate Skeleton" type="monster" looktype="195"/>
    <creature name="Plaguesmith" type="monster" looktype="247"/>
    <creature name="Plaguethrower" type="monster" lookitem="1551"/>
    <creature name="Poacher" type="monster" looktype="129" lookhead="115" lookbody="119" looklegs="119" lookfeet="115"/>
    <creature name="Poison Spider" type="monster" looktype="36"/>
    <creature name="Polar Bear" type="monster" looktype="42"/>
    <creature name="Poodle" type="monster" looktype="473"/>
    <creature name="Priestess" type="monster" looktype="58"/>
    <creature name="Primitive" type="monster" looktype="143" lookhead="1" lookbody="1" looklegs="1" lookfeet="1"/>
    <creature name="Purple Butterfly" type="monster" looktype="213"/>
    <creature name="Pythius The Rotten" type="monster" looktype="231"/>
    <creature name="Quara Constrictor" type="monster" looktype="46"/>
    <creature name="Quara Constrictor Scout" type="monster" looktype="46"/>
    <creature name="Quara Hydromancer" type="monster" looktype="47"/>
    <creature name="Quara Hydromancer Scout" type="monster" looktype="47"/>
    <creature name="Quara Mantassin" type="monster" looktype="72"/>
    <creature name="Quara Mantassin Scout" type="monster" looktype="72"/>
    <creature name="Quara Pincher" type="monster" looktype="77"/>
    <creature name="Quara Pincher Scout" type="monster" looktype="77"/>
    <creature name="Quara Predator" type="monster" looktype="20"/>
    <creature name="Quara Predator Scout" type="monster" looktype="20"/>
    <creature name="Rabbit" type="monster" looktype="74"/>
    <creature name="Raging Mage" type="monster" looktype="416"/>
    <creature name="Rahemos" type="monster" looktype="87"/>
    <creature name="Rat" type="monster" looktype="21"/>
    <creature name="Red Butterfly" type="monster" looktype="228"/>
    <creature name="Retching Horror" type="monster" looktype="588"/>
    <creature name="Rift Brood" type="monster" looktype="290"/>
    <creature name="Rift Scythe" type="monster" looktype="300"/>
    <creature name="Rift Worm" type="monster" looktype="295"/>
    <creature name="Roaring Water Elemental" type="monster" looktype="11"/>
    <creature name="Rocko" type="monster" looktype="67"/>
    <creature name="Rocky" type="monster" looktype="95"/>
    <creature name="Ron the Ripper" type="monster" looktype="151" lookhead="95" lookbody="94" looklegs="117" lookfeet="97"/>
    <creature name="Rorc" type="monster" looktype="550"/>
    <creature name="Rottie the Rotworm" type="monster" looktype="26" lookhead="20" lookbody="30" looklegs="40" lookfeet="50"/>
    <creature name="Rotworm" type="monster" looktype="26"/>
    <creature name="Rotworm Queen" type="monster" looktype="295"/>
    <creature name="Sacred Spider" type="monster" looktype="219"/>
    <creature name="Salamander" type="monster" looktype="529"/>
    <creature name="Sandcrawler" type="monster" looktype="350"/>
    <creature name="Sandstone Scorpion" type="monster" looktype="398"/>
    <creature name="Scarab" type="monster" looktype="83"/>
    <creature name="Scorn of the Emperor" type="monster" looktype="351"/>
    <creature name="Scorpion" type="monster" looktype="43"/>
    <creature name="Sea Serpent" type="monster" looktype="275"/>
    <creature name="Seagull" type="monster" looktype="223"/>
    <creature name="Serpent Spawn" type="monster" looktype="220"/>
    <creature name="Shaburak Demon" type="monster" looktype="417"/>
    <creature name="Shaburak Lord" type="monster" looktype="409"/>
    <creature name="Shaburak Prince" type="monster" looktype="418"/>
    <creature name="Shadow Hound" type="monster" looktype="322"/>
    <creature name="Shadow Pupil" type="monster" looktype="551"/>
    <creature name="Shardhead" type="monster" looktype="261"/>
    <creature name="Shark" type="monster" looktype="453"/>
    <creature name="Sharptooth" type="monster" looktype="20"/>
    <creature name="Sheep" type="monster" looktype="14"/>
    <creature name="Shiversleep" type="monster" looktype="592"/>
    <creature name="Shock Head" type="monster" looktype="579"/>
    <creature name="Shredderthrower" type="monster" lookitem="1551"/>
    <creature name="Sibang" type="monster" looktype="118"/>
    <creature name="Sight of Surrender" type="monster" looktype="583"/>
    <creature name="Silencer" type="monster" looktype="585"/>
    <creature name="Silver Rabbit" type="monster" looktype="262" lookhead="69" lookbody="66" looklegs="69" lookfeet="66"/>
    <creature name="Sir Valorcrest" type="monster" looktype="287"/>
    <creature name="Skeleton" type="monster" looktype="33"/>
    <creature name="Skeleton Warrior" type="monster" looktype="298"/>
    <creature name="Skunk" type="monster" looktype="106"/>
    <creature name="Slick Water Elemental" type="monster" looktype="286"/>
    <creature name="Slim" type="monster" looktype="101"/>
    <creature name="Slime" type="monster" looktype="19"/>
    <creature name="Slug" type="monster" looktype="407"/>
    <creature name="Smuggler" type="monster" looktype="134" lookhead="95" lookbody="0" looklegs="113" lookfeet="115"/>
    <creature name="Snake" type="monster" looktype="28"/>
    <creature name="Snake God Essence" type="monster" looktype="356"/>
    <creature name="Snake Thing" type="monster" looktype="220"/>
    <creature name="Son of Verminor" type="monster" looktype="19"/>
    <creature name="Souleater" type="monster" looktype="355"/>
    <creature name="Spectral Scum" type="monster" looktype="195" lookhead="0" lookbody="0" looklegs="0" lookfeet="0"/>
    <creature name="Spectre" type="monster" looktype="235" lookhead="20"/>
    <creature name="Spider" type="monster" looktype="30"/>
    <creature name="Spider Queen" type="monster" looktype="219"/>
    <creature name="Spidris" type="monster" looktype="457"/>
    <creature name="Spidris Elite" type="monster" looktype="457"/>
    <creature name="Spirit of Earth" type="monster" looktype="67"/>
    <creature name="Spirit of Fire" type="monster" looktype="242"/>
    <creature name="Spirit of Water" type="monster" looktype="11"/>
    <creature name="Spit Nettle" type="monster" looktype="221"/>
    <creature name="Spite of the Emperor" type="monster" looktype="351"/>
    <creature name="Spitter" type="monster" looktype="461"/>
    <creature name="Splasher" type="monster" looktype="72" lookhead="0" lookbody="0" looklegs="0" lookfeet="0"/>
    <creature name="Squirrel" type="monster" looktype="274"/>
    <creature name="Stalker" type="monster" looktype="128" lookhead="78" lookbody="116" looklegs="95" lookfeet="114"/>
    <creature name="Stampor" type="monster" looktype="381"/>
    <creature name="Starving Wolf" type="monster" looktype="27" lookhead="20" lookbody="30" looklegs="40" lookfeet="50"/>
    <creature name="Stone Devourer" type="monster" looktype="486"/>
    <creature name="Stone Golem" type="monster" looktype="67"/>
    <creature name="Stonecracker" type="monster" looktype="55"/>
    <creature name="Strange Slime" type="monster" looktype="19"/>
    <creature name="Svoren the Mad" type="monster" looktype="254" lookhead="80" lookbody="99" looklegs="118" lookfeet="38"/>
    <creature name="Swamp Troll" type="monster" looktype="76"/>
    <creature name="Swampling" type="monster" looktype="535"/>
    <creature name="Swarmer" type="monster" looktype="460"/>
    <creature name="Swarmer Hatchling" type="monster" looktype="460"/>
    <creature name="Tanjis" type="monster" looktype="446"/>
    <creature name="Tarantula" type="monster" looktype="219"/>
    <creature name="Tarnished Spirit" type="monster" looktype="566"/>
    <creature name="Terofar" type="monster" looktype="74"/>
    <creature name="Terramite" type="monster" looktype="346"/>
    <creature name="Terrified Elephant" type="monster" looktype="211"/>
    <creature name="Terror Bird" type="monster" looktype="218"/>
    <creature name="Terrorsleep" type="monster" looktype="593"/>
    <creature name="Thalas" type="monster" looktype="90"/>
    <creature name="The Abomination" type="monster" looktype="238"/>
    <creature name="The Axeorcist" type="monster" looktype="8"/>
    <creature name="The Blightfather" type="monster" looktype="348"/>
    <creature name="The Bloodtusk" type="monster" looktype="199"/>
    <creature name="The Bloodweb" type="monster" looktype="263"/>
    <creature name="The Collector" type="monster" looktype="261"/>
    <creature name="The Count" type="monster" looktype="287"/>
    <creature name="The Dark Dancer" type="monster" looktype="58"/>
    <creature name="The Dreadorian" type="monster" looktype="234"/>
    <creature name="The Evil Eye" type="monster" looktype="210"/>
    <creature name="The Frog Prince" type="monster" looktype="224" lookhead="69" lookbody="66" looklegs="69" lookfeet="66"/>
    <creature name="The Hag" type="monster" looktype="264" lookhead="78" lookbody="97" looklegs="95" lookfeet="95"/>
    <creature name="The Hairy One" type="monster" looktype="116"/>
    <creature name="The Halloween Hare" type="monster" looktype="74"/>
    <creature name="The Handmaiden" type="monster" looktype="230"/>
    <creature name="The Horned Fox" type="monster" looktype="202"/>
    <creature name="The Imperor" type="monster" looktype="237"/>
    <creature name="The Many" type="monster" looktype="121"/>
    <creature name="The Masked Marauder" type="monster" looktype="234"/>
    <creature name="The Noxious Spawn" type="monster" looktype="220"/>
    <creature name="The Obliverator" type="monster" looktype="35"/>
    <creature name="The Old Widow" type="monster" looktype="208"/>
    <creature name="The Pale Count" type="monster" looktype="558"/>
    <creature name="The Pit Lord" type="monster" looktype="55"/>
    <creature name="The Plasmother" type="monster" looktype="238"/>
    <creature name="The Snapper" type="monster" looktype="119"/>
    <creature name="Thornback Tortoise" type="monster" looktype="198"/>
    <creature name="Thornfire Wolf" type="monster" looktype="414"/>
    <creature name="Thul" type="monster" looktype="46"/>
    <creature name="Tibia Bug" type="monster" looktype="45"/>
    <creature name="Tiger" type="monster" looktype="125"/>
    <creature name="Tiquandas Revenge" type="monster" looktype="120"/>
    <creature name="Tirecz" type="monster" looktype="334"/>
    <creature name="Toad" type="monster" looktype="222"/>
    <creature name="Tomb Servant" type="monster" looktype="100"/>
    <creature name="Tormented Ghost" type="monster" looktype="48"/>
    <creature name="Tortoise" type="monster" looktype="197"/>
    <creature name="Tremorak" type="monster" looktype="285"/>
    <creature name="Troll" type="monster" looktype="15"/>
    <creature name="Troll Champion" type="monster" looktype="281"/>
    <creature name="Troll Guard" type="monster" looktype="281"/>
    <creature name="Troll Legionnaire" type="monster" looktype="53"/>
    <creature name="Undead Cavebear" type="monster" looktype="384"/>
    <creature name="Undead Dragon" type="monster" looktype="231"/>
    <creature name="Undead Gladiator" type="monster" looktype="306"/>
    <creature name="Undead Mine Worker" type="monster" looktype="33"/>
    <creature name="Undead Minion" type="monster" looktype="37"/>
    <creature name="Undead Prospector" type="monster" looktype="18"/>
    <creature name="Ungreez" type="monster" looktype="35"/>
    <creature name="Ushuriel" type="monster" looktype="12" lookhead="0" lookbody="95" looklegs="19" lookfeet="112"/>
    <creature name="Valkyrie" type="monster" looktype="139" lookhead="113" lookbody="57" looklegs="95" lookfeet="113"/>
    <creature name="Vampire" type="monster" looktype="68"/>
    <creature name="Vampire Bride" type="monster" looktype="312"/>
    <creature name="Vampire Pig" type="monster" looktype="60"/>
    <creature name="Vampire Viscount" type="monster" looktype="555"/>
    <creature name="Vashresamun" type="monster" looktype="90"/>
    <creature name="Verminor" type="monster" looktype="12" lookhead="38" lookbody="114" looklegs="0" lookfeet="94"/>
    <creature name="Versperoth" type="monster" looktype="295"/>
    <creature name="Vicious Manbat" type="monster" looktype="554"/>
    <creature name="Vulcongra" type="monster" looktype="509"/>
    <creature name="Wailing Widow" type="monster" looktype="347"/>
    <creature name="War Golem" type="monster" looktype="326"/>
    <creature name="War wolf" type="monster" looktype="3"/>
    <creature name="Warlock" type="monster" looktype="130" lookhead="19" lookbody="71" looklegs="128" lookfeet="128"/>
    <creature name="Warlord Ruzad" type="monster" looktype="2" lookhead="20" lookbody="30" looklegs="40" lookfeet="50"/>
    <creature name="Wasp" type="monster" looktype="44"/>
    <creature name="Waspoid" type="monster" looktype="462"/>
    <creature name="Water Buffalo" type="monster" looktype="523"/>
    <creature name="Water Elemental" type="monster" looktype="286"/>
    <creature name="Webster" type="monster" looktype="263"/>
    <creature name="Weeper" type="monster" looktype="489"/>
    <creature name="Werewolf" type="monster" looktype="308"/>
    <creature name="White Deer" type="monster" looktype="400"/>
    <creature name="White Shade" type="monster" looktype="560"/>
    <creature name="Wiggler" type="monster" looktype="510"/>
    <creature name="Wild Dog" type="monster" looktype="32" lookhead="20" lookbody="30" looklegs="40" lookfeet="50"/>
    <creature name="Wild Warrior" type="monster" looktype="131" lookhead="57" lookbody="57" looklegs="57" lookfeet="57"/>
    <creature name="Wilting Leaf Golem" type="monster" looktype="573"/>
    <creature name="Winter wolf" type="monster" looktype="52"/>
    <creature name="Wisp" type="monster" looktype="294"/>
    <creature name="Witch" type="monster" looktype="54"/>
    <creature name="Wolf" type="monster" looktype="27"/>
    <creature name="Worker Golem" type="monster" looktype="304"/>
    <creature name="Wrath of the Emperor" type="monster" looktype="351"/>
    <creature name="Wyrm" type="monster" looktype="291"/>
    <creature name="Wyvern" type="monster" looktype="239"/>
    <creature name="Xenia" type="monster" looktype="137" lookhead="95" lookbody="115" looklegs="115" lookfeet="95"/>
    <creature name="Yaga The Crone" type="monster" looktype="54"/>
    <creature name="Yakchal" type="monster" looktype="149" lookhead="0" lookbody="47" looklegs="105" lookfeet="105"/>
    <creature name="Yalahari" type="monster" looktype="309"/>
    <creature name="Yellow Butterfly" type="monster" looktype="10"/>
    <creature name="Yeti" type="monster" looktype="110"/>
    <creature name="Yielothax" type="monster" looktype="408"/>
    <creature name="Young Sea Serpent" type="monster" looktype="317" lookhead="0" lookbody="0" looklegs="0" lookfeet="0"/>
    <creature name="Young Troll" type="monster" looktype="15"/>
    <creature name="Zavarash" type="monster" looktype="74"/>
    <creature name="Zevelon Duskbringer" type="monster" looktype="287"/>
    <creature name="Zomba" type="monster" looktype="41"/>
    <creature name="Zombie" type="monster" looktype="311"/>
    <creature name="Zoralurk" type="monster" looktype="12" lookhead="0" lookbody="98" looklegs="86" lookfeet="94"/>
    <creature name="Zugurosh" type="monster" looktype="12" lookhead="2" lookbody="35" looklegs="57" lookfeet="91"/>
    <creature name="Zulazza the Corruptor" type="monster" looktype="334"/>
</creatures>