<materials>
	<!-- TILESETS -->
	
	<tileset name="Grounds">
		<raw>
			<item id="100"/>
			<item id="101"/>
			<item id="102"/>
			<item id="103"/>
			<item id="104"/>
			<item id="105"/>
			<item id="106"/>
			<item id="107"/>
			<item id="108"/>
			<item id="109"/>
			<item id="231"/>
			<item id="280"/>
			<item id="351"/>
			<item id="352"/>
			<item id="353"/>
			<item id="354"/>
			<item id="355"/>
			<item id="368"/>
			<item id="405"/>
			<item id="406"/>
			<item id="407"/>
			<item id="412"/>
			<item id="413"/>
			<item id="414"/>
			<item id="415"/>
			<item id="419"/>
			<item id="420"/>
			<item id="424"/>
			<item id="431"/>
			<item id="448"/>
			<item id="449"/>
			<item id="450"/>
			<item id="457"/>
			<item id="458"/>
			<item id="460"/>
			<item id="459"/>
			<item id="490"/>
			<item id="493"/>
			<item id="598"/>
			<item id="602"/>
			<item id="670"/>
			<item id="671"/>
			<item id="708"/>
			<item id="724"/>
			<item id="777"/>
			<item id="790"/>
			<item id="791"/>
			<item id="804"/>
			<item id="806"/>
			<item id="4832"/>
			<item id="4833"/>
			<item id="836"/>
			<item id="918"/>
			<item id="920"/>
			<item id="926"/>
			<item id="927"/>
			<item id="929"/>
			<item id="936"/>
			<item id="937"/>
			<item id="939"/>
			<item id="946"/>
			<item id="947"/>
			<item id="948"/>
			<item id="956"/>
			<item id="957"/>
			<item id="958"/>
			<item id="965"/>
			<item id="966"/>
			<item id="1284"/>
			<item id="1509"/>
			<item id="194"/>
			<item id="464"/>
			<item id="466"/>
			<item id="4595"/>
			<item id="4608"/>
			<item fromid="4609" toid="4625"/>
			<item fromid="4664" toid="4666"/>
			<item fromid="4691" toid="4712"/>
			<item fromid="4749" toid="4759"/>
			<item fromid="4820" toid="4825"/>
		</raw>
	</tileset>
	
	<tileset name="Nature">
		<terrain>
			<brush name="sea"/>
			<brush name="mountain"/>
			<brush name="ramp"/>
			<brush name="bamboo ramp"/>
			<brush name="grass"/>
			<brush name="grass open stone pile"/>
			<brush name="grass closed stone pile"/>
			<brush name="grass pitfall"/>
			<brush name="dirt"/>
			<brush name="dry earth"/>
			<brush name="sand"/>
			<brush name="sand open stone pile"/>
			<brush name="sand closed stone pile"/>
			<brush name="sand scarab hole"/>
			<brush name="snow"/>
			<brush name="ice"/>
			<brush name="ice open stone pile"/>
			<brush name="ice closed stone pile"/>
			<brush name="hole in the ice"/>
			<brush name="ice floe"/>
			<brush name="jungle grass"/>
			<brush name="jungle dirt"/>
			<brush name="swamp"/>
			<brush name="dark swamp"/>
			<brush name="light dirt"/>
			<brush name="tar pit"/>
			<brush name="white gravel"/>
			<brush name="loose gravel"/>
			<brush name="mountain ground"/>
			<brush name="mountain top ground"/>
			<brush name="rocky ground"/>
			<brush name="frozen mud"/>
			<brush item="3311"/>
		</terrain>
		<doodad>
			<brush name="mossy wall"/>
			<brush name="green fungi"/>
			<brush name="plant wall"/>
			<brush name="grass tufts"/>
			<brush name="green trees"/>
			<brush name="dead trees"/>
			<brush name="trees"/>
			<brush name="mangrove tree"/>
			<brush name="dead mangrove tree"/>
			<brush name="mangrove tree (on water)"/>
			<brush name="dead mangrove tree (on water)"/>
			<brush name="bushes"/>
			<brush name="blueberry bushes"/>
			<brush name="banana tree"/>
			<brush name="mango tree"/>
			<brush name="dead bushes"/>
			<brush name="swamp plants"/>
			<brush name="flowers"/>
			<brush name="yellow flowers"/>
			<brush name="royal flowers"/>
			<brush name="sunflowers"/>
			<brush name="lilypads"/>
			<brush name="roses"/>
			<brush name="tall jungle grass"/>
			<brush name="tall swamp grass"/>
			<item id="3323"/>
			<item id="2785"/>
			<brush name="log"/>
			<brush name="log vines"/>
			<brush name="log covered in moss"/>
			<brush name="tree crown"/>
			<brush name="branches"/>
			<brush name="bamboo plant"/>
			<brush name="giant mushrooms"/>
			<brush name="moldy giant mushrooms"/>
			<brush name="moldy mushrooms"/>
			<brush name="small mushrooms"/>
			<brush name="jungle maw"/>
			<brush name="straw mat"/>
			<brush name="sugar cane stack"/>
			<brush name="ant trails"/>
			<brush name="swamp source"/>
			<brush name="water source"/>
			<brush name="waterfall"/>
			<brush name="mud cave rocks"/>
			<brush name="stone cave rocks"/>
			<brush name="cave wall twigs"/>
			<brush name="cave wall thingy"/>
			<brush name="gray rocks"/>
			<brush name="brown rocks"/>
			<brush name="small rocks"/>
			<brush name="staglamites"/>
			<brush name="weird shaped stones"/>
			<brush name="debris"/>
			<brush name="lava hole"/>
			<brush name="gray rubble"/>
			<brush name="brown rubble"/>
			<brush name="rough gray rubble"/>
			<brush name="rough brown rubble"/>
			<brush name="mossy rocks"/>
		</doodad>
		<raw>
			<item fromid="386" toid="391"/>
			<item fromid="1499"/>
			<item fromid="1285" toid="1359"/>
			<item fromid="2697" toid="2786"/>
			<item fromid="3311" toid="3347"/>
			<item fromid="2569" toid="2574"/>
			<item fromid="2798" toid="2805"/>
			<item fromid="3603" toid="3677"/>
			<item fromid="3984" toid="4250"/>
			<item fromid="3569" toid="3574"/>
		</raw>
	</tileset>
	
	<tileset name="Cave">
		<terrain>
			<brush name="earth"/>
			<brush name="cave"/>
			<brush name="cave hole"/>
			<brush name="cave ropespot"/>
			<brush name="cave small hole"/>
			<brush name="cave pickhole"/>
			<brush name="dirt"/>
			<brush name="clear water"/>
			<brush name="lava"/>
			<brush name="melting ground"/>
			<brush name="void"/>
		</terrain>
		<raw>
			<item fromid="101"/>
			<item fromid="351" toid="355"/>
			
			<item fromid="384"/>
			<item fromid="383"/>
			<item fromid="385"/>
			<item fromid="392"/>
			
			<item fromid="5631" toid="5632"/>
			<item fromid="5637" toid="5638"/>
			<item fromid="5633" toid="5636"/>
			<item fromid="5647"/>
			<item fromid="5650"/>
			<item fromid="5649"/>
			<item fromid="5651"/>
			
			<item fromid="5639" toid="5642"/>
			<item fromid="5643" toid="5646"/>
			<item fromid="5648"/>
			<item fromid="5654"/>
			<item fromid="5653"/>
			<item fromid="5652"/>
		</raw>
	</tileset>
	
	<tileset name="Snow">
		<terrain>
			<brush name="sea"/>
			<brush name="mountain"/>
			<brush name="snowy ramp"/>
			<brush name="snow"/>
			<brush name="ice"/>
			<brush name="white gravel"/>
			<brush name="mountain ground"/>
			<brush name="mountain top ground"/>
			<brush name="rocky ground"/>
			<brush name="frozen mud"/>
			<brush name="fur carpet"/>
		</terrain>
		<doodad>
			<brush name="snowy dead trees"/>
			<brush name="snowy alive trees"/>
			<brush name="dead trees"/>
			<brush name="snowy trees"/>
		</doodad>
	</tileset>
	
	<tileset name="Town">
		<terrain>
			<brush name="stone floor"/>
			<brush name="cobblestone"/>
			<brush name="grassy cobblestone"/>
			<brush name="lawn"/>
			<brush name="wooden floor"/>
			<brush name="drawbridge"/>
			<brush name="dark wooden floor"/>
			<brush name="drab tiled stone floor"/>
			<brush name="dark tiled sandstone"/>
			<brush name="tiled sandstone floor"/>
			<brush name="tiled sandstone floor pressed"/>
			<brush name="tiled sandstone floor depressed"/>
			<brush name="light tiled stone floor"/>
			<brush name="dark tiled stone floor"/>
			<brush name="orange tiled floor"/>
			<brush name="dark sandstone"/>
			<brush name="sandstone"/>
			<brush name="white marble floor"/>
			<brush name="black marble floor"/>
			<brush name="gray stone tiles"/>
			<brush name="gray stone tiles pressed"/>
			<brush name="gray stone tiles depressed"/>
			<!-- <brush name="wooden raft"/> -->
			<brush name="store counter"/>
			<brush name="plaster wall"/>
			<brush name="damaged plaster wall"/>
			<brush name="plaster wall arch"/>
			<brush name="croft wall"/>
			<brush name="brick wall"/>
			<brush name="brick wall arch"/>
			<brush name="stone wall"/>
			<brush name="rock wall"/>
			<brush name="wood wall"/>
			<brush name="egypt wall"/>
			<brush name="egypt stone wall"/>
			<brush name="pyramid ramp"/>
			<brush name="marble wall"/>
			<brush name="ruin wall"/>
			<brush name="wooden wall"/>
			<brush name="ornamented wooden wall"/>
			<brush name="low stone-wooden wall"/>
			<brush name="ornamented low stone-wooden wall"/>
			<brush name="high stone-wooden wall"/>
			<brush name="ornamented high stone-wooden wall"/>
			
			<brush name="fence"/>
			<brush name="dark fence"/>
			<!-- This does not work 'perfectly yet
			<brush name="steel bars"/>
			<brush name="steel rebar"/>
			-->
			<brush name="flat roof"/>
			<brush name="brown bamboo roof"/>
			<brush name="green bamboo roof"/>
			<brush name="brick roof, left"/>
			<brush name="brick roof, vertical"/>
			<brush name="brick roof, right"/>
			<brush name="brick roof, up"/>
			<brush name="brick roof, horizontal"/>
			<brush name="brick roof, down"/>
			<brush name="wooden roof, up"/>
			<brush name="wooden roof, horizontal"/>
			<brush name="wooden roof, down"/>
			<brush name="wooden roof, left"/>
			<brush name="wooden roof, vertical"/>
			<brush name="wooden roof, right"/>
		</terrain>
	</tileset>
	
	<tileset name="Stairs">
		<terrain>
			<brush name="wooden ladder hole"/>
			<brush name="wooden trapdoor"/>
			<brush name="stairs down"/>
			<brush name="trapdoor down"/>
			<brush name="trapdoor ladder down"/>
			<brush name="trapdoor ladder down"/>
			<brush name="stone stairway"/>
			<brush name="black stone stairs"/>
			<brush name="black stone trapdoor"/>
			<brush name="gray stone stairs"/>
			<brush name="gray stone trapdoor"/>
		</terrain>
	</tileset>
	
	<tileset name="Boats">
		<raw>
			<item fromid="4883" toid="4947"/>
			<item fromid="4403"/>
			<item fromid="3601" toid="3602"/>
			<item fromid="4948" toid="4991"/>
			<item fromid="4998" toid="5008"/>
			<item fromid="5082" toid="5085"/>
			<item fromid="1277" toid="1284"/>
			<item fromid="3587" toid="3600"/>
		</raw>
	</tileset>

	<tileset name="Fields">
		<doodad>
		</doodad>
	</tileset>
	
	<tileset name="Sea">
		<raw>
			<item fromid="2226"/>
			<item fromid="2240"/>
			<item fromid="5405" toid="5410"/>
			<item fromid="5427" toid="5438"/>
			<item fromid="5743" toid="5744"/>
			<item fromid="5763" toid="5764"/>
			<item fromid="5554"/>
			<item fromid="5411" toid="5426"/>
			<item fromid="5439" toid="5460"/>
			<item fromid="5678" toid="5682"/>
			<item fromid="5811"/>
			<item fromid="3607" toid="3616"/>
			<item fromid="5631" toid="5654"/>
		</raw>
	</tileset>

	<tileset name="Hangables">
		<doodad>
			<brush name="hanging skull"/>
			<brush name="hanging triple skull"/>
			<brush name="cobra wall statue"/>
			<brush name="head stone cobra"/>
			<brush name="head stone cobra with fumes"/>
			<brush name="wall lamp"/>
			<brush name="wall lamp - lit"/>
			<brush name="wall torch"/>
			<brush name="wall torch - lit"/>
			<brush name="wall candle"/>
			<brush name="wall candle - lit"/>
			<brush name="bambu wall torch"/>
			<brush name="bambu wall torch - lit"/>
			<brush name="cage wall lamp"/>
			<brush name="cage wall lamp - lit"/>
			<brush name="blackboard"/>
			<item id="1877"/>
			<item id="1881"/>
			<item id="1845"/>
			<item id="1848"/>
			<item id="1851"/>
			<item id="1852"/>
			<item id="1853"/>
			<item id="1854"/>
			<item id="1857"/>
			<item id="1860"/>
			<item id="1863"/>
			<item id="1866"/>
			<item id="1869"/>
			<item id="1872"/>
			<item id="1880"/>
			<brush name="pirate emblem"/>
			<brush name="hanging swords"/>
			<brush name="archer's shop sign"/>
			<brush name="armor shop sign"/>
			<brush name="weapon shop sign"/>
			<brush name="tool shop sign"/>
			<brush name="food shop sign"/>
			<brush name="furniture shop sign"/>
			<brush name="grape shop sign"/>
			<brush name="banana shop sign"/>
			<brush name="depot sign"/>
			<brush name="post sign"/>
			<brush name="gem shop sign"/>
		</doodad>
	</tileset>
	
	<tileset name="Interior">
		<doodad>
			<brush name="small drawer"/>
			<brush name="flashy drawer"/>
			<brush name="pendulum clock"/>
			<brush name="normal wardrobe"/>
			<brush name="tall locker"/>
			<brush name="mirror stand"/>
			<brush name="wooden counter"/>
			<brush name="store counter"/>
			<brush name="big brown table, horizontal"/>
			<brush name="big brown table, vertical"/>
			<brush name="bambu drawer"/>
			<brush name="bambu bookcase"/>
			<brush name="bambu bookcase with books"/>
			<brush name="bambu wardrobe"/>
			<brush name="bookcase"/>
			<item id="1738"/>
			<item id="1739"/>
			<brush name="wooden chest"/>
			<item id="1741"/>
			<item id="1746"/>
			<brush name="large trunk"/>
			<brush name="wooden coffin"/>
			<brush name="large cask"/>
			<item id="1770"/>
			<item id="1771"/>
			<item id="1772"/>
			<item id="1773"/>
			<item id="1774"/>
			<item id="1775"/>
			<item id="1777"/>
			<item id="2034"/>
			<brush name="oven - on"/>
			<brush name="oven - off"/>
			<brush name="map board"/>
			-- MUSIC!1111111 --
			<brush name="piano"/>
			<brush name="harp"/>
			-- beds --
			<brush name="normal bed"/>
			<brush name="normal bed with sleeper"/>
			<brush name="cot"/>
			<brush name="cot with sleeper"/>
			<brush name="hammock"/>
			<brush name="hammock with sleeper"/>
			<brush name="hay bed"/>
			<brush name="hay bed with sleeper"/>
			-- tables --
			<item id="1614"/>
			<item id="1615"/>
			<item id="1616"/>
			<item id="1619"/>
			-- chairs --
			<brush name="wooden chair"/>
			<brush name="rocking chair"/>
			<brush name="red cushioned chair"/>
			<brush name="green cushioned chair"/>
			<brush name="sofa chair"/>
			<brush name="green sofa"/>
			<brush name="redwhite sofa"/>
			<brush name="bench"/>
			<brush name="gilded throne"/>
			<brush name="dull throne"/>
			<brush name="large throne"/>
			-- carpets --
			<brush name="brown bear skin rug"/>
			<brush name="white bear skin rug"/>
			<brush name="bear skin rug"/>
			<brush name="red carpet"/>
			<brush name="blue carpet"/>
			<brush name="green carpet"/>
			<brush name="brown carpet"/>
		</doodad>
		<raw>
			<item fromid="1602" toid="1808"/>
			<item fromid="2034"/>
			<item fromid="2064" toid="2065"/>
			<item fromid="2070" toid="2079"/>
			<item fromid="2108" toid="2119"/>
			<item fromid="2080" toid="2085"/>
			<item fromid="2093" toid="2099"/>
			<item fromid="1947" toid="1986"/>
			<item fromid="2100" toid="2107"/>
			<item fromid="2180"/>
			<item fromid="2192"/>
			<item fromid="2556" toid="2577"/>
			<item fromid="2581" toid="2588"/>
			<item fromid="2589" toid="2592"/>
			<item fromid="2594"/>
			<item fromid="2606" toid="2609"/>
			<item fromid="2614" toid="2615"/>
			<item fromid="3805" toid="3843"/>
			<item fromid="4394" toid="4402"/>
		</raw>
	</tileset>
	
	<tileset name="Statues">
		<doodad>
			<item fromid="1444" toid="1445"/>
			<item fromid="1448" toid="1449"/>
			<brush name="knight statue"/>
			<brush name="minotaur statue"/>
			<brush name="goblin statue"/>
			<brush name="gargoyle statue"/>
			<brush name="gargoyle statue pedestal"/>
			<brush name="cobra statue"/>
			<brush name="cobra statue pedestal"/>
			<brush name="female statue"/>
			<brush name="female statue with flame"/>
			<brush name="hunter statue"/>
			
			<brush name="lizard statue"/>
			<brush name="broken lizard statue"/>
			<brush name="giant snake head statue"/>
			<brush name="giant snake head statue (open)"/>
			<brush name="giant hand statue"/>
			<item fromid="1450" toid="1451"/>
		</doodad>
	</tileset>
	
	<tileset name="Exterior">
		<doodad>
			<brush name="stone altar"/>
			<brush name="decorative altar"/>
			<brush name="railways"/>
			<brush name="railway cart"/>
			
			-- coffins --
			<brush name="stone coffin (no rose)"/>
			<brush name="stone coffin (yellow rose)"/>
			<brush name="stone coffin (blue rose)"/>
			<brush name="stone coffin (red rose)"/>
			<brush name="buried stone coffin"/>
			<brush name="sarcophagus"/>
			
			-- Campfires --
			<item fromid="1421" toid="1428"/>
			<item fromid="1481" toid="1486"/>
			<item fromid="2601" toid="2605"/>
			
			-- fountains --
			<brush name="ancient fountain - off"/>
			<brush name="ancient fountain - on"/>
			<brush name="water well"/>
			<brush name="lava fountain"/>
			
			<brush name="marble fountain - on"/>
			<brush name="marble fountain - off"/>
			<item id="1378"/>
			<brush name="normal fountain - on"/>
			<brush name="normal fountain - off"/>
			
			-- Signs --
			<brush name="tavern sign"/>
			<brush name="large shop sign"/>
			<brush name="large archer's shop sign"/>
			<brush name="large armor shop sign"/>
			<brush name="large weapon shop sign"/>
			<brush name="large tool shop sign"/>
			<brush name="large food shop sign"/>
			<brush name="large furniture shop sign"/>
			<brush name="large grape shop sign"/>
			<brush name="large banana shop sign"/>
			<brush name="large depot sign"/>
			<brush name="large post sign"/>
			<brush name="large gem shop sign"/>
			<brush name="large tavern sign"/>
		</doodad>
		<raw>
			<item fromid="486"/>
			<item fromid="1280" toid="1283"/>
			<item fromid="1360" toid="1385"/>
			<item fromid="1406" toid="1420"/>
			<item fromid="1421" toid="1428"/>
			<item fromid="1429" toid="1486"/>
			<item fromid="2219" toid="2259"/>
			<item fromid="2334"/>
			<item fromid="2555"/>
			<item fromid="2593"/>
			<item fromid="2601" toid="2605"/>
			<item fromid="2610" toid="2613"/>
			<item fromid="2616" toid="2623"/>
			<item fromid="3697" toid="3710"/>
			<item fromid="3715" toid="3726"/>
			<item fromid="3718" toid="3742"/>
			<item fromid="3802" toid="3804"/>
			<item fromid="5046"/>
			<item fromid="5055" toid="5056"/>
			<item fromid="5074" toid="5079"/>
		</raw>
	</tileset>

	<tileset name="Splash">
		<doodad>
			<item id="2016"/>
			<item id="2017"/>
			<item id="2018"/>
			<item id="2019"/>
			<item id="2020"/>
			<item id="2021"/>
			<item id="1903"/>
			<item id="1904"/>
			<item id="1905"/>
		</doodad>
		<raw>
			<item id="2016"/>
			<item id="2017"/>
			<item id="2018"/>
			<item id="2019"/>
			<item id="2020"/>
			<item id="2021"/>
			<item id="1903"/>
			<item id="1904"/>
			<item id="1905"/>
		</raw>
	</tileset>

	<tileset name="Equipment">
		<items>
			-- Helmets --
			<item fromid="2128"/>
			<item fromid="2342" toid="2343"/>
			<item fromid="5924"/>
			<item fromid="2457" toid="2462"/>
			<item fromid="2471"/>
			<item fromid="2473" toid="2475"/>
			<item fromid="2479" toid="2482"/>
			<item fromid="2490" toid="2491"/>
			<item fromid="2493"/>
			<item fromid="2496" toid="2499"/>
			<item fromid="2501" toid="2502"/>
			<item fromid="2506"/>
			<item fromid="2323"/>
			<item fromid="2662" toid="2663"/>
			<item fromid="2665"/>
			<item fromid="3967"/>
			<item fromid="3969" toid="3972"/>
			<item fromid="5461"/>
			<item fromid="6531"/>
			<item fromid="5741"/>
			<item fromid="6096"/>
			<item fromid="7461" toid="7462"/>
			-- Armor --
	        <item fromid="2463" toid="2467"/>
	        <item fromid="2472"/>
			<item fromid="2476"/>
			<item fromid="2483" toid="2487"/>
			<item fromid="2489"/>
			<item fromid="2492"/>
			<item fromid="2494"/>
			<item fromid="2500"/>
			<item fromid="2503"/>
			<item fromid="2505"/>
			<item fromid="2508"/>
			<item fromid="2650" toid="2660"/>
			<item fromid="2664"/>
			<item fromid="3968"/>
			<item fromid="6095"/>
			-- Legs --
			<item fromid="2468" toid="2470"/>
			<item fromid="2477" toid="2478"/>
			<item fromid="2488"/>
			<item fromid="2495"/>
			<item fromid="2504"/>
			<item fromid="2507"/>
			<item fromid="2647" toid="2649"/>
			-- Boots --
			<item fromid="2195"/>
			<item fromid="6530"/>
			<item fromid="6132"/>
			<item fromid="2358"/>
			<item fromid="2640" toid="2646"/>
			<item fromid="3982"/>
			<item fromid="5462"/>
			<item fromid="7457"/>
		</items>
	</tileset>
	
	<tileset name="Ornaments">
		<items>
			-- Amulets --
			<item fromid="2661"/>
			<item fromid="2161"/>
			<item fromid="2170"/>
			<item fromid="2171"/>
			<item fromid="2172"/>
			<item fromid="2173"/>
			<item fromid="2174"/>
			<item fromid="2196" toid="2201"/>
			<item fromid="2218"/>
			<item fromid="2125"/>
			<item fromid="2126"/>
			<item fromid="2129"/>
			<item fromid="2130"/>
			<item fromid="2131"/>
			<item fromid="2132"/>
			<item fromid="2133"/>
			<item fromid="2135"/>
			<item fromid="2136"/>
			<item fromid="2138"/>
			<item fromid="2142"/>
			-- Rings --
			<item fromid="2207" toid="2209"/>
			<item fromid="2213"/>
			<item fromid="2214"/>
			<item fromid="2121"/>
			<item fromid="2122"/>
			<item fromid="2123"/>
			<item fromid="2124"/>
			<item fromid="2127"/>
		</items>
	</tileset>
	
	<tileset name="Tools">
		<items>
			<item id="5710"/>
			<item fromid="2548" toid="2580"/>
		</items>
	</tileset>

	<tileset name="Weapons">
		<items>
			-- Swords --
			<item fromid="2376" toid="2377"/>
			<item fromid="2379"/>
			<item fromid="2383" toid="2385"/>
			<item fromid="2390"/>
			<item fromid="2392" toid="2393"/>
			<item fromid="2395" toid="2397"/>
			<item fromid="2400"/>
			<item fromid="2402" toid="2409"/>
			<item fromid="2411" toid="2413"/>
			<item fromid="2418" toid="2420"/>
			<item fromid="2442"/>
			<item fromid="2438"/>
			<item fromid="2446"/>
			<item fromid="2450" toid="2451"/>
			<item fromid="6528"/>
			<item fromid="7382" toid="7386"/>
			<item fromid="7390" toid="7391"/>
			<item fromid="7402" toid="7408"/>
			<item fromid="7416" toid="7420"/>
			<item fromid="7449"/>
			-- Maces --
			<item fromid="2382"/>
			<item fromid="2391"/>
			<item fromid="2394"/>
			<item fromid="2398"/>
			<item fromid="2401"/>
			<item fromid="2416" toid="2417"/>
			<item fromid="2321"/>
			<item fromid="2421" toid="2424"/>
			<item fromid="2434"/>
			<item fromid="2436" toid="2437"/>
			<item fromid="2439"/>
			<item fromid="2444" toid="2445"/>
			<item fromid="2448" toid="2449"/>
			<item fromid="2452" toid="2453"/>
			<item fromid="3961"/>
			<item fromid="3966"/>
			<item fromid="7379"/>
			<item fromid="7381"/>
			<item fromid="7387"/>
			<item fromid="7392"/>
			<item fromid="7437"/>
			<item fromid="7450" toid="7452"/>
			-- Axes --
			<item fromid="2378"/>
			<item fromid="2380" toid="2381"/>
			<item fromid="2386" toid="2388"/>
			<item fromid="2414" toid="2415"/>
			<item fromid="2425" toid="2432"/>
			<item fromid="2435"/>
			<item fromid="2440" toid="2441"/>
			<item fromid="2443"/>
			<item fromid="2447"/>
			<item fromid="2454"/>
			<item fromid="3962"/>
			<item fromid="6553"/>
			<item fromid="7380"/>
			<item fromid="7388" toid="7389"/>
			<item fromid="7411" toid="7413"/>
			<item fromid="7453" toid="7456"/>
			-- Distance --
			<item fromid="2389"/>
			<item fromid="7378"/>
			<item fromid="3965"/>
			<item fromid="5803"/>
			<item fromid="5947"/>
			<item fromid="2455" toid="2456"/>
			<item fromid="7438"/>
			<item fromid="2352"/>
			<item fromid="2410"/>
			-- Ammo --
			<item fromid="2543" toid="2547"/>
			<item fromid="6529"/>
			<item fromid="7363" toid="7368"/>
			<item fromid="2399"/>
			-- Magic --
			<item fromid="2181" toid="2186"/>
			<item fromid="2187" toid="2191"/>
		</items>
	</tileset>
	
	<tileset name="Shields">
		<items>
			<item fromid="2509" toid="2542"/>
			<item fromid="3973" toid="3975"/>
			<item fromid="6131"/>
			<item fromid="6391"/>
			<item fromid="6433"/>
		</items>
	</tileset>
	
	<tileset name="Trinkets">
		<items>
			-- Some random stuff --
			<item id="2036"/> -- Watch (Also ID 6091, 6092, but those are useless?) --
			<item fromid="5792" toid="5797"/>
			<item id="5798"/>
			-- Trinkets --
			<item fromid="2176" toid="2178"/>
			<item id="2344"/>
			<item id="2345"/>
			<item id="2346"/>
			<item fromid="2353" toid="2364"/>
			<item id="2600"/>
			<item id="2193"/>
			<item id="2194"/>
			<item id="2218"/>
			<item id="2356"/>
			<item id="2359"/>
			<item id="2137"/>
			<item id="2600"/>
			<item id="6570"/>
			<item id="6571"/>
			<item id="6566"/>
			<item id="6567"/>
			<item id="6568"/>
			<item id="6568"/>
			<item fromid="7369" toid="7371"/>
			-- Instruments --
			<item id="2364"/>
			<item id="2368"/>
			<item id="2369"/>
			<item id="2370"/>
			<item id="2371"/>
			<item id="2372"/>
			<item id="2373"/>
			<item id="2374"/>
			<item id="2375"/>
			<item id="3951"/>
			<item id="3952"/>
			<item id="3953"/>
			<item id="3957"/>
			<item id="6572"/>
			-- Lights --
			<item id="2041" toid="2049"/>
			<item id="2051"/>
			<item id="2050"/>
			<item id="2053"/>
			<item id="2052"/>
			<item id="2055"/>
			<item id="2054"/>
			<item id="2056"/>
			<item id="2062"/>
			<item id="2062"/>
			<item id="2063"/>
			<item id="5852"/>
			<item id="5853"/>
			<item id="6489"/>
			<item id="6490"/>
			
			<item fromid="2366" toid="2375"/>
			<item id="4874"/>
			<item fromid="2597" toid="2598"/>
			<item id="2599"/>
			<item id="2175"/>
			<item fromid="2193" toid="2194"/>
			<item fromid="2217" toid="2218"/>
			<item id="2356"/>
			<item id="2359"/>
			<item id="2137"/>
			<item fromid="2032" toid="2033"/>
			<item id="4851"/>
			<item id="7281"/>
			<item id="7315"/>
			<item fromid="6566" toid="6568"/>
			<item fromid="6570" toid="6573"/>
			-- Fluid containers --
			<item fromid="3941" toid="3942"/>
			<item fromid="5928" toid="5929"/>
			<item fromid="2005" toid="2015"/>
			<item id="2023"/>
			<item id="2031"/>
			<item id="2033"/>
			<item id="2035"/>
			<item id="3941"/>
			<item id="3942"/>
			-- Food related --
			<item id="2033"/>
			-- Keys --
			<item fromid="2086" toid="2092"/>
			-- Game pieces --
			<item id="2625"/>
			<item fromid="2626" toid="2631"/>
			<item id="2624"/>
			<item fromid="2632" toid="2637"/>
			<item id="2638"/>
			<item id="2639"/>
		</items>
	</tileset>
	
	<tileset name="Collectables">
		<items>
		</items>
	</tileset>
	
	<tileset name="Magic Fields">
		<doodad>
			<brush name="fire field (not decaying)"/>
			<brush name="poison field (not decaying)"/>
			<brush name="energy field (not decaying)"/>
			<brush name="fire field (decaying)"/>
			<brush name="poison field (decaying)"/>
			<brush name="energy field (decaying)"/>
			<brush name="magic wall (not decaying)"/>
			<brush name="magic wall (decaying)"/>
			<brush name="wild growth (decaying)"/>
			<brush name="yellow fire field (decaying)"/>
			<brush name="poison gas (decaying)"/>
			<brush name="yellow energy field (decaying)"/>
			<brush name="smoke field (not decaying)"/>
			<brush name="searing fire field (decaying)"/>
		</doodad>
	</tileset>
	
	<tileset name="Containers">
		<items>
	        <item fromid="1987" toid="1989"/>
	        <item fromid="1990" toid="2004"/>
	        <item fromid="5949" toid="5950"/>
	        <item fromid="3939" toid="3940"/>
            <item fromid="5926" toid="5927"/>
	        <item fromid="7342" toid="7343"/>
	        <item fromid="2365"/>
	        <item fromid="2330" toid="2331"/>
	        <item fromid="2595" toid="2596"/>
	        <item fromid="5801"/>
	        <item fromid="6085"/>
	        <item fromid="6104"/>
	        <item fromid="6109" toid="6112"/>
	        <item fromid="6506" toid="6511"/>
		</items>
		<raw>
	        <item fromid="1987" toid="1989"/>
	        <item fromid="1990" toid="2004"/>
	        <item fromid="5949" toid="5950"/>
	        <item fromid="3939" toid="3940"/>
            <item fromid="5926" toid="5927"/>
	        <item fromid="7342" toid="7343"/>
	        <item fromid="2365"/>
	        <item fromid="2330" toid="2331"/>
	        <item fromid="2595" toid="2596"/>
	        <item fromid="5801"/>
	        <item fromid="6085"/>
	        <item fromid="6104"/>
	        <item fromid="6109" toid="6112"/>
	        <item fromid="6506" toid="6511"/>
		</raw>
	</tileset>
	
	<tileset name="Writables">
		<items>
			<item fromid="1947" toid="1986"/>
			<item id="2345"/>
			<item id="2347"/>
			<item id="2567"/>
			<item id="2568"/>
			<item id="2597"/>
			<item id="2598"/>
			<item id="2599"/>
			<item id="2175"/>
			<item id="2217"/>
			<item id="4853"/>
			<item id="4854"/>
			<item id="4855"/>
			<item id="5091"/>
			<item id="5706"/>
		</items>
	</tileset>
	
	<tileset name="Food">
		<items>
			<item id="2666"/>
			<item id="2035"/>
			<item id="2032"/>
			<item id="2032"/>
			<item id="5097"/>
			<item fromid="7158" toid="7159"/>
			<item fromid="7372" toid="7377"/>
		</items>
	</tileset>
	
	<tileset name="Trash">
		<doodad>
			<brush name="broken bottles"/>
			<brush name="rotten food"/>
			<brush name="rubbish"/>
			<brush name="bones"/>
			<item id="2236"/>
			<item id="2237"/>
			<item id="2238"/>
			<brush name="leaves"/>
			<item id="2246"/>
			<brush name="bamboo garbage"/>
			<brush name="wooden trash"/>
			<brush name="metal trash"/>
		</doodad>
	</tileset>

	<tileset name="Runes">
		<items>
			<item fromid="2260" toid="2316"/>
		</items>
	</tileset>

	<tileset name="Corpses">
		<doodad>
			<item id="2317"/>
			<item id="6560"/>
			<item fromid="2806" toid="3134"/>
			<item fromid="4251" toid="4327"/>
			<item fromid="5522" toid="5538"/>
			<item fromid="6302" toid="6351"/>
			<item fromid="6354" toid="6355"/>
			<item fromid="6364" toid="6367"/>
			<item fromid="5540" toid="5542"/>
			<item fromid="5565" toid="5568"/>
			<item fromid="5625" toid="5630"/>
			<item fromid="5666" toid="5668"/>
			<item fromid="5688" toid="5690"/>
			<item fromid="5727" toid="5729"/>
			<item id="5762"/>
			<item fromid="5765" toid="5767"/>
			<item fromid="5931" toid="5936"/>
			<item fromid="5960" toid="6084"/>
			<item fromid="6520" toid="6522"/>
			<item fromid="7091" toid="7094"/>
			<item fromid="7256" toid="7258"/>
			<item id="7260"/>
			<item fromid="7282" toid="7285"/>
			<item fromid="7316" toid="7341"/>
			<item fromid="7344" toid="7347"/>
		</doodad>
	</tileset>
	
	<tileset name="Stairs / Ramps / Ladders">
		<raw>
			<!-- Holes -->
			<item fromid="383" toid="385"/>
			<item fromid="392"/>
			<item fromid="418"/>
			<item fromid="468" toid="470"/>
			<item fromid="481" toid="485"/>
			<item fromid="489"/>
			<item fromid="5731"/>
			
			<!-- Stairs / Ladder Down -->
			<item fromid="369" toid="370"/>
			<item fromid="408"/>
			<item fromid="409"/>
			<item fromid="410" toid="411"/>
			<item fromid="423"/>
			<item fromid="427" toid="429"/>
			<item fromid="432" toid="433"/>
			<item fromid="3135" toid="3138"/>
			<item fromid="3219" toid="3220"/>
			<item fromid="4834" toid="4837"/>
			
			<!-- Other -->
			<item fromid="430"/>
			<item fromid="461" toid="462"/>
			<item fromid="475" toid="476"/>
			<item fromid="479" toid="480"/>
			<item fromid="924"/>
			<item fromid="5081"/>
			<item fromid="6127" toid="6130"/>
			<item fromid="6173" toid="6174"/>
			<item fromid="6917" toid="6924"/>
			
			<!-- Ladders -->
			<item fromid="1386"/>
			<item fromid="3678"/>
			<item fromid="5543"/>
			
			<!-- Stairs -->
			<item fromid="1385"/>
			<item fromid="1396"/>
			<item fromid="5258" toid="5260"/>
			<item fromid="3687" toid="3688"/>
		</raw>
	</tileset>
</materials>
