<?xml version="1.0" encoding="UTF-8"?>
<creatures>
<!-- monsters -->
  <creature name="amazon" type="monster" looktype="137" lookhead="113" lookbody="120" looklegs="114" lookfeet="132"/>
  <creature name="ancient scarab" type="monster" looktype="79"/>
  <creature name="assassin" type="monster" looktype="129" lookhead="95" lookbody="95" looklegs="95" lookfeet="95"/>
  <creature name="badger" type="monster" looktype="105"/>
  <creature name="bandit" type="monster" looktype="129" lookhead="58" lookbody="59" looklegs="45" lookfeet="114"/>
  <creature name="banshee" type="monster" looktype="78"/>
  <creature name="bat" type="monster" looktype="122"/>
  <creature name="bear" type="monster" looktype="16"/>
  <creature name="behemoth" type="monster" looktype="55"/>
  <creature name="beholder" type="monster" looktype="17"/>
  <creature name="black knight" type="monster" looktype="131" lookhead="95" lookbody="95" looklegs="95" lookfeet="95"/>
  <creature name="blue djinn" type="monster" looktype="80"/>
  <creature name="bonebeast" type="monster" looktype="101"/>
  <creature name="bug" type="monster" looktype="45"/>
  <creature name="butterfly" type="monster" looktype="10"/>
  <creature name="carniphila" type="monster" looktype="120"/>
  <creature name="cave rat" type="monster" looktype="56"/>
  <creature name="centipede" type="monster" looktype="124"/>
  <creature name="chicken" type="monster" looktype="111"/>
  <creature name="cobra" type="monster" looktype="81"/>
  <creature name="crab" type="monster" looktype="112"/>
  <creature name="crocodile" type="monster" looktype="119"/>
  <creature name="crypt shambler" type="monster" looktype="100"/>
  <creature name="cyclops" type="monster" looktype="22"/>
  <creature name="dark monk" type="monster" looktype="225"/>
  <creature name="deer" type="monster" looktype="31"/>
  <creature name="demon" type="monster" looktype="35"/>
  <creature name="demon skeleton" type="monster" looktype="37"/>
  <creature name="dog" type="monster" looktype="32"/>
  <creature name="dragon" type="monster" looktype="34"/>
  <creature name="dragon lord" type="monster" looktype="39"/>
  <creature name="dwarf" type="monster" looktype="69"/>
  <creature name="dwarf geomancer" type="monster" looktype="66"/>
  <creature name="dwarf guard" type="monster" looktype="70"/>
  <creature name="dwarf soldier" type="monster" looktype="71"/>
  <creature name="dworc fleshhunter" type="monster" looktype="215"/>
  <creature name="dworc venomsniper" type="monster" looktype="216"/>
  <creature name="dworc voodoomaster" type="monster" looktype="214"/>
  <creature name="efreet" type="monster" looktype="103"/>
  <creature name="elder beholder" type="monster" looktype="108"/>
  <creature name="elephant" type="monster" looktype="211"/>
  <creature name="elf" type="monster" looktype="62"/>
  <creature name="elf arcanist" type="monster" looktype="63"/>
  <creature name="elf Scout" type="monster" looktype="64"/>
  <creature name="fire devil" type="monster" looktype="40"/>
  <creature name="fire elemental" type="monster" looktype="49"/>
  <creature name="flamingo" type="monster" looktype="212"/>
  <creature name="frost troll" type="monster" looktype="53"/>
  <creature name="gargoyle" type="monster" looktype="95"/>
  <creature name="gazer" type="monster" looktype="109"/>
  <creature name="ghost" type="monster" looktype="48"/>
  <creature name="ghoul" type="monster" looktype="18"/>
  <creature name="giant spider" type="monster" looktype="38"/>
  <creature name="goblin" type="monster" looktype="61"/>
  <creature name="green djinn" type="monster" looktype="51"/>
  <creature name="hero" type="monster" looktype="73"/>
  <creature name="hunter" type="monster" looktype="129" lookhead="95" lookbody="116" looklegs="121" lookfeet="115"/>
  <creature name="hyaena" type="monster" looktype="94"/>
  <creature name="hydra" type="monster" looktype="121"/>
  <creature name="kongra" type="monster" looktype="116"/>
  <creature name="larva" type="monster" looktype="82"/>
  <creature name="lich" type="monster" looktype="99" lookhead="95" lookbody="116" looklegs="119" lookfeet="115"/>
  <creature name="lion" type="monster" looktype="41"/>
  <creature name="lizard sentinel" type="monster" looktype="114"/>
  <creature name="lizard snakecharmer" type="monster" looktype="115"/>
  <creature name="lizard templar" type="monster" looktype="113"/>
  <creature name="marid" type="monster" looktype="104"/>
  <creature name="merlkin" type="monster" looktype="117"/>
  <creature name="minotaur" type="monster" looktype="25"/>
  <creature name="minotaur archer" type="monster" looktype="24"/>
  <creature name="minotaur guard" type="monster" looktype="29"/>
  <creature name="minotaur mage" type="monster" looktype="23"/>
  <creature name="monk" type="monster" looktype="57"/>
  <creature name="mummy" type="monster" looktype="65"/>
  <creature name="necromancer" type="monster" looktype="9"/>
  <creature name="orc" type="monster" looktype="5"/>
  <creature name="orc berserker" type="monster" looktype="8"/>
  <creature name="orc leader" type="monster" looktype="59"/>
  <creature name="orc rider" type="monster" looktype="4"/>
  <creature name="orc shaman" type="monster" looktype="6"/>
  <creature name="orc spearman" type="monster" looktype="50"/>
  <creature name="orc warlord" type="monster" looktype="2"/>
  <creature name="orc warrior" type="monster" looktype="7"/>
  <creature name="panda" type="monster" looktype="123"/>
  <creature name="parrot" type="monster" looktype="217"/>
  <creature name="pig" type="monster" looktype="60"/>
  <creature name="poison spider" type="monster" looktype="36"/>
  <creature name="polar bear" type="monster" looktype="42"/>
  <creature name="priestess" type="monster" looktype="58"/>
  <creature name="rabbit" type="monster" looktype="74"/>
  <creature name="rat" type="monster" looktype="21"/>
  <creature name="rotworm" type="monster" looktype="26"/>
  <creature name="scarab" type="monster" looktype="83"/>
  <creature name="scorpion" type="monster" looktype="43"/>
  <creature name="serpent spawn" type="monster" looktype="220"/>
  <creature name="sheep" type="monster" looktype="14"/>
  <creature name="sibang" type="monster" looktype="118"/>
  <creature name="skeleton" type="monster" looktype="33"/>
  <creature name="skunk" type="monster" looktype="106"/>
  <creature name="slime" type="monster" looktype="19"/>
  <creature name="smuggler" type="monster" looktype="134" lookhead="95" looklegs="113" lookfeet="115"/>
  <creature name="snake" type="monster" looktype="28"/>
  <creature name="spider" type="monster" looktype="30"/>
  <creature name="spit nettle" type="monster" looktype="221"/>
  <creature name="stalker" type="monster" looktype="128" lookhead="95" lookbody="116" looklegs="95" lookfeet="114"/>
  <creature name="stone golem" type="monster" looktype="67"/>
  <creature name="swamp troll" type="monster" looktype="76"/>
  <creature name="tarantula" type="monster" looktype="219"/>
  <creature name="terror bird" type="monster" looktype="218"/>
  <creature name="tiger" type="monster" looktype="125"/>
  <creature name="troll" type="monster" looktype="15"/>
  <creature name="valkyrie" type="monster" looktype="139" lookhead="113" lookbody="57" looklegs="95" lookfeet="113"/>
  <creature name="vampire" type="monster" looktype="68"/>
  <creature name="war wolf" type="monster" looktype="3"/>
  <creature name="warlock" type="monster" looktype="130" lookhead="19" lookbody="71" looklegs="128" lookfeet="128"/>
  <creature name="wasp" type="monster" looktype="44"/>
  <creature name="wild warrior" type="monster" looktype="131" lookhead="57" lookbody="57" looklegs="57" lookfeet="57"/>
  <creature name="winter wolf" type="monster" looktype="52"/>
  <creature name="witch" type="monster" looktype="54"/>
  <creature name="wolf" type="monster" looktype="27"/>
  
  <creature name="yeti" type="monster" looktype="110"/>
  <creature name="black sheep" type="monster" looktype="13"/>
  <creature name="butterfly blue" type="monster" looktype="227"/>
  <creature name="butterfly purple" type="monster" looktype="213"/>
  <creature name="butterfly yellow" type="monster" looktype="10"/>
  <creature name="butterfly red" type="monster" looktype="228"/>
  
  <creature name="deathslicer" type="monster" looktype="102"/>
  <creature name="flamethrower" type="monster"/>
  <creature name="magicthrower" type="monster" lookitem="1560"/>
  <creature name="plaguethrower" type="monster"/>
  <creature name="shredderthrower" type="monster"/>
  <creature name="demongoblin" type="monster" looktype="201"/>
    
  <creature name="Tiquandas Revenge" type="monster" looktype="120"/>
  <creature name="Demodras" type="monster" looktype="204"/>
  <creature name="Dharalion" type="monster" looktype="203"/>
  <creature name="Fernfang" type="monster" looktype="206"/>
  <creature name="General Murius" type="monster" looktype="202"/>
  <creature name="Grorlam" type="monster" looktype="205"/>
  <creature name="Necropharus" type="monster" looktype="209"/>
  <creature name="The Evil Eye" type="monster" looktype="210"/>
  <creature name="The Horned Fox" type="monster" looktype="202"/>
  <creature name="The Old Widow" type="monster" looktype="208"/>
  <creature name="Ashmunrah" type="monster" looktype="87"/>
  <creature name="Dipthrah" type="monster" looktype="87"/>
  <creature name="Mahrdis" type="monster" looktype="90"/>
  <creature name="Morguthis" type="monster" looktype="90"/>
  <creature name="Omruc" type="monster" looktype="90"/>
  <creature name="Rahemos" type="monster" looktype="87"/>
  <creature name="Thalas" type="monster" looktype="90"/>
  <creature name="Vashresamun" type="monster" looktype="90"/>
  <creature name="Orshabaal" type="monster" looktype="201"/>  
</creatures>
