<materials>
	<brush name="ice" type="border"/>

	<brush name="mountain" type="border" server_lookid="918" z-order="9900">
		<item id="919" chance="1"/>
		
		<border align="inner" to="none" id="3"/>
		<border align="inner" id="3"/>
		<optional id="29"/>
	</brush>

	<brush name="void" type="border" server_lookid="100" z-order="95">
		<item id="100" chance="10"/>
	</brush>
	
	<brush name="grass" type="border" server_lookid="102" z-order="3000">
		<item id="102" chance="2500"/>
	</brush>
	
	<brush name="grass open stone pile" type="border" server_lookid="469" z-order="3000">
		<item id="469" chance="1"/>
	</brush>
	
	<brush name="grass closed stone pile" type="border" server_lookid="468" z-order="3000">
		<item id="468" chance="1"/>
	</brush>
	
	<brush name="grass pitfall" type="border" server_lookid="293" z-order="3000">
		<item id="293" chance="1"/>
	</brush>
	
	<brush name="sea" type="border" server_lookid="490" z-order="6000">
		<item id="490" chance="2500"/>
	</brush>
	
	<brush name="ice" type="border" server_lookid="671" z-order="5500">
		<item id="671" chance="2"/>
	</brush>
	
	<brush name="ice open stone pile" type="border" server_lookid="484" z-order="5500">
		<item id="484" chance="1"/>
	</brush>
	
	<brush name="ice closed stone pile" type="border" server_lookid="483" z-order="5500">
		<item id="483" chance="1"/>
	</brush>
	
	<brush name="hole in the ice" type="border" server_lookid="485" z-order="5500">
		<item id="485" chance="1"/>
	</brush>
	
	<brush name="snow" type="border" server_lookid="670" z-order="5505">
		<item id="670" chance="240"/>
	</brush>
	
	<brush name="lawn" type="border" lookid="106" z-order="2800">
		<item id="106" chance="8"/>
		<item id="108" chance="1"/>
		<item id="109" chance="1"/>
	</brush>
	
	<brush name="cave" type="border" lookid="351" z-order="2000">
		<item id="351" chance="6"/>
		<item id="352" chance="1"/>
		<item id="353" chance="1"/>
		<item id="354" chance="1"/>
		<item id="355" chance="1"/>
	</brush>
	
	<brush name="cave hole" type="border" server_lookid="383" z-order="2000">
		<item id="383" chance="1"/>
	</brush>
	
	<brush name="cave ropespot" type="border" server_lookid="384" z-order="2000">
		<item id="384" chance="1"/>
	</brush>
	
	<brush name="cave small hole" type="border" server_lookid="385" z-order="2000">
		<item id="392" chance="1"/>
	</brush>
	
	<brush name="cave pickhole" type="border" server_lookid="392" z-order="2000">
		<item id="385" chance="1"/>
	</brush>
	
	<brush name="dry earth" type="border" server_lookid="836" z-order="501">
		<item id="836" chance="1"/>
	</brush>
	
	<brush name="sand" type="border" server_lookid="231" z-order="3500">
		<item id="231" chance="2500"/>
	</brush>
	
	<brush name="sand open stone pile" type="border" server_lookid="482" z-order="3500">
		<item id="482" chance="1"/>
	</brush>
	
	<brush name="sand closed stone pile" type="border" server_lookid="481" z-order="3500">
		<item id="481" chance="1"/>
	</brush>
	
	<brush name="sand scarab hole" type="border" server_lookid="489" z-order="3500">
		<item id="489" chance="1"/>
	</brush>
	
	<brush name="earth" type="border" lookid="101" z-order="9500" solo_optional="true">
		<item id="101" chance="130"/>
		
		<border super="true" align="inner" ground_equivalent="101">
			<borderitem edge="n"   item="357"/>
			<borderitem edge="e"   item="358"/>
			<borderitem edge="s"   item="356"/>
			<borderitem edge="w"   item="359"/>
			<borderitem edge="cnw" item="362"/>
			<borderitem edge="cne" item="363"/>
			<borderitem edge="csw" item="361"/>
			<borderitem edge="cse" item="360"/>
			<borderitem edge="dnw" item="366"/>
			<borderitem edge="dne" item="367"/>
			<borderitem edge="dsw" item="365"/>
			<borderitem edge="dse" item="364"/>
		</border>
	</brush>
	
	<brush name="cobblestone" type="border" server_lookid="724" z-order="100">
		<item id="724" chance="1000"/>
	</brush>
	
	<brush name="grassy cobblestone" type="border" server_lookid="791" z-order="1500">
		<item id="791" chance="1000"/>
	</brush>
	
	<brush name="mountain ground" type="border" server_lookid="918" z-order="2500">
		<item id="918" chance="1000"/>
	</brush>
	
	<brush name="lava" type="border" server_lookid="598" z-order="150">
		<item id="598" chance="15"/>
		<item id="599" chance="1"/>
		<item id="600" chance="1"/>
		<item id="601" chance="1"/>
	</brush>
		
	<brush name="white gravel" type="border" server_lookid="104" z-order="2900">
		<item id="104" chance="1000"/>
	</brush>
	
	<brush name="dirt" type="border" server_lookid="103" z-order="1200">
		<item id="103" chance="1"/>
		<item id="806" chance="0"/>
		<item id="804" chance="0"/>
	</brush>
	
	<brush name="light dirt" type="border" server_lookid="194" z-order="1300">
		<item id="194" chance="1"/>
	</brush>
	
	<brush name="tar pit" type="border" server_lookid="708" z-order="105">
		<item id="708" chance="850"/>
		<item id="709" chance="50"/>
		<item id="710" chance="50"/>
		<item id="711" chance="50"/>
		
		<friend name="lava"/>
		<friend name="sea"/>
	</brush>
	
	<brush name="clear water" type="border" server_lookid="493" z-order="110">
		<item id="493" chance="1"/>
		
		<friend name="sea"/>
		<friend name="tar pit"/>
		<friend name="lava"/>
	</brush>
	
	<brush name="swamp" type="border" server_lookid="602" z-order="4000">
		<item id="602" chance="2500"/>
	</brush>
		
	<brush name="mountain" type="border" server_lookid="918" z-order="9900">
		<item id="919" chance="1"/>
	</brush>
	
	<brush name="stone floor" type="border" server_lookid="431" z-order="7500">
		<item id="431" chance="1000"/>
		
		<friend name="earth"/>
		<friend name="mountain"/>
	</brush>
	
	<brush name="wooden floor" type="border" server_lookid="405" z-order="7505">
		<item id="405" chance="1"/>
	</brush>
	
	<brush name="beige floor" type="border" server_lookid="458" z-order="7505">
		<item id="458" chance="2500"/>
	</brush>
	
	<brush name="wooden ladder trapdoor" type="border" server_lookid="427" z-order="7505">
		<item id="427" chance="1"/>
		
		<friend name="wooden floor"/>

		<friend name="earth"/>
		<friend name="mountain"/>
		
		<optional id="41"/>
	</brush>
	
	<brush name="wooden ladder hole" type="border" server_lookid="428" z-order="7505">
		<item id="428" chance="1"/>
		<item id="409" chance="0"/>
		
		<friend name="wooden floor"/>
		<friend name="wooden ladder trapdoor"/>
		
		<friend name="earth"/>
		<friend name="mountain"/>
		
		<optional id="41"/>
	</brush>
	
	<brush name="wooden trapdoor" type="border" server_lookid="429" z-order="7505">
		<item id="429" chance="1"/>
		
		<friend name="wooden floor"/>
		<friend name="wooden ladder trapdoor"/>
		<friend name="wooden ladder hole"/>
		<friend name="earth"/>
		<friend name="mountain"/>
		
		<optional id="41"/>
	</brush>
	
	<brush name="stairs down" type="border" server_lookid="411" z-order="8000">
		<item id="411" chance="1"/>
		<item id="423" chance="0"/>
		
		<friend name="earth"/>
		<friend name="mountain"/>
	</brush>
	
	<brush name="trapdoor down" type="border" server_lookid="410" z-order="8000">
		<item id="410" chance="1"/>
		
		<friend name="earth"/>
		<friend name="mountain"/>
	</brush>
	
	<brush name="trapdoor ladder down" type="border" server_lookid="369" z-order="7505">
		<item id="369" chance="1"/>
		<item id="370" chance="0"/>
		<item id="408" chance="0"/>
		
		<friend name="earth"/>
		<friend name="mountain"/>
	</brush>	
	
	<brush name="white marble floor" type="border" server_lookid="406" z-order="7950">
		<item id="406" chance="1"/>
		
		<friend name="all"/>
	</brush>
	
	<brush name="dark tiled sandstone" type="border" server_lookid="412" z-order="7500">
		<item id="412" chance="1"/>
		
		<friend name="all"/>
	</brush>
	
	<brush name="dark sandstone" type="border" server_lookid="790" z-order="500">
		<item id="790" chance="1"/>
		
		<friend name="all"/>
	</brush>
	
	<brush name="sandstone" type="border" server_lookid="777" z-order="8600">
		<item id="777" chance="1"/>
		
		<border super="true" align="inner" ground_equivalent="777">
			<borderitem edge="n"   item="778"/>
			<borderitem edge="e"   item="781"/>
			<borderitem edge="s"   item="779"/>
			<borderitem edge="w"   item="780"/>
			<borderitem edge="cnw" item="786"/>
			<borderitem edge="cne" item="787"/>
			<borderitem edge="csw" item="789"/>
			<borderitem edge="cse" item="788"/>
			<borderitem edge="dnw" item="782"/>
			<borderitem edge="dne" item="783"/>
			<borderitem edge="dsw" item="785"/>
			<borderitem edge="dse" item="784"/>
		</border>
		
		<border super="true" align="inner" to="none" ground_equivalent="777">
			<borderitem edge="n"   item="778"/>
			<borderitem edge="e"   item="781"/>
			<borderitem edge="s"   item="779"/>
			<borderitem edge="w"   item="780"/>
			<borderitem edge="cnw" item="786"/>
			<borderitem edge="cne" item="787"/>
			<borderitem edge="csw" item="789"/>
			<borderitem edge="cse" item="788"/>
			<borderitem edge="dnw" item="782"/>
			<borderitem edge="dne" item="783"/>
			<borderitem edge="dsw" item="785"/>
			<borderitem edge="dse" item="784"/>
		</border>
	</brush>
	
	<brush name="stairs" type="border" server_lookid="459" z-order="7950">
		<item id="459" chance="1"/>
		
		<enemy name="all"/>
	</brush>
	
	<brush name="black marble floor" type="border" server_lookid="407" z-order="7950">
		<item id="407" chance="1"/>
		
		<friend name="all"/>
	</brush>
	
	<brush name="gray stone tiles" type="border" server_lookid="424" z-order="7950">
		<item id="424" chance="1"/>
		
		<friend name="all"/>
	</brush>
	
	<brush name="gray stone tiles pressed" type="border" server_lookid="425" z-order="7950">
		<item id="425" chance="1"/>
		
		<friend name="all"/>
	</brush>
	
	<brush name="gray stone tiles depressed" type="border" server_lookid="426" z-order="7950">
		<item id="426" chance="1"/>
		
		<friend name="all"/>
	</brush>
	
	<brush name="drawbridge" type="border" server_lookid="1284" z-order="7800">
		<item id="1284" chance="1"/>
		
		<friend name="all"/>
	</brush>
	
	<brush name="drab tiled stone floor" type="border" server_lookid="413" z-order="500">
		<item id="413" chance="1"/>
		
		<friend name="all"/>
	</brush>
	
	<brush name="dark tiled stone floor" type="border" server_lookid="414" z-order="500">
		<item id="414" chance="1"/>
		
		<friend name="all"/>
	</brush>
	
	<brush name="light tiled stone floor" type="border" server_lookid="420" z-order="500">
		<item id="420" chance="1"/>
		
		<friend name="all"/>
	</brush>
	
	<brush name="tiled sandstone floor" type="border" server_lookid="419" z-order="500">
		<item id="419" chance="1"/>
		
		<friend name="all"/>
	</brush>
	
	<brush name="tiled sandstone floor pressed" type="border" server_lookid="417" z-order="500">
		<item id="417" chance="1"/>
		
		<friend name="all"/>
	</brush>
	
	<brush name="tiled sandstone floor depressed" type="border" server_lookid="416" z-order="500">
		<item id="416" chance="1"/>
		
		<friend name="all"/>
	</brush>
	
	<brush name="orange tiled floor" type="border" server_lookid="415" z-order="500">
		<item id="415" chance="1"/>
		
		<friend name="all"/>
	</brush>
	
	<brush name="flat roof" type="border" server_lookid="920" z-order="8500">
		<item id="920" chance="1000"/>
		
		<border align="outer" to="none" id="29"/>
	</brush>
	
	<brush name="brick roof, vertical" type="border" server_lookid="929" z-order="8500">
		<item id="929" chance="1000"/>
		
		<border align="outer" to="none" id="23"/>
	</brush>
	
	<brush name="brick roof, left" type="border" server_lookid="926" z-order="8500">
		<item id="926" chance="1000"/>
		
		<border align="outer" to="none" id="24"/>
	</brush>
	
	<brush name="brick roof, right" type="border" server_lookid="927" z-order="8500">
		<item id="927" chance="1000"/>
		
		<border align="outer" to="none" id="25"/>
	</brush>
	
	<brush name="brick roof, up" type="border" server_lookid="936" z-order="8500">
		<item id="936" chance="1000"/>
		
		<border align="outer" to="none" id="26"/>
	</brush>
	
	<brush name="brick roof, down" type="border" server_lookid="937" z-order="8500">
		<item id="937" chance="1000"/>
		
		<border align="outer" to="none" id="28"/>
	</brush>
	
	<brush name="brick roof, horizontal" type="border" server_lookid="939" z-order="8500">
		<item id="939" chance="1000"/>
		
		<border align="outer" to="none" id="27"/>
	</brush>
	
	<brush name="wooden roof, up" type="border" server_lookid="946" z-order="8500">
		<item id="946" chance="1000"/>
		
		<border align="outer" to="none" id="34"/>
		<border align="outer" id="34"/>
	</brush>
	
	<brush name="wooden roof, horizontal" type="border" server_lookid="947" z-order="8500">
		<item id="947" chance="1000"/>
		
		<border align="outer" to="none" id="35"/>
		<border align="outer" id="35"/>
	</brush>
	
	<brush name="wooden roof, down" type="border" server_lookid="948" z-order="8500">
		<item id="948" chance="1000"/>
		
		<border align="outer" to="none" id="36"/>
		<border align="outer" id="36"/>
	</brush>
	
	<brush name="wooden roof, right" type="border" server_lookid="958" z-order="8500">
		<item id="958" chance="1000"/>
		
		<border align="outer" to="none" id="37"/>
		<border align="outer" id="37"/>
	</brush>
	
	<brush name="wooden roof, vertical" type="border" server_lookid="957" z-order="8500">
		<item id="957" chance="1000"/>
		
		<border align="outer" to="none" id="38"/>
		<border align="outer" id="38"/>
	</brush>
	
	<brush name="wooden roof, left" type="border" server_lookid="956" z-order="8500">
		<item id="956" chance="1000"/>
		
		<border align="outer" to="none" id="39"/>
		<border align="outer" id="39"/>
	</brush>
</materials>