<materials>
	<!-- TILESETS -->
	
	<tileset name="Grounds">
		<raw>
			<item id="100"/>
			<item id="101"/>
			<item id="103"/>
			<item id="104"/>
			<item id="106"/>
			<item id="108"/>
			<item id="109"/>
			<item id="919"/>
			<item id="1071"/>
			<item id="231"/>
			<item id="280"/>
			<item id="351"/>
			<item id="352"/>
			<item id="353"/>
			<item id="354"/>
			<item id="355"/>
			<item id="368"/>
			<item id="405"/>
			<item id="406"/>
			<item id="407"/>
			<item id="412"/>
			<item id="413"/>
			<item id="414"/>
			<item id="415"/>
			<item id="419"/>
			<item id="420"/>
			<item id="424"/>
			<item id="431"/>
			<item id="448"/>
			<item id="449"/>
			<item id="450"/>
			<item id="457"/>
			<item id="458"/>
			<item id="460"/>
			<item id="459"/>
			<item id="493"/>
			<item id="598"/>
			<item id="670"/>
			<item id="671"/>
			<item id="708"/>
			<item id="724"/>
			<item id="777"/>
			<item id="790"/>
			<item id="791"/>
			<item id="804"/>
			<item id="806"/>
			<item id="4832"/>
			<item id="4833"/>
			<item id="836"/>
			<item id="918"/>
			<item id="920"/>
			<item id="926"/>
			<item id="927"/>
			<item id="929"/>
			<item id="936"/>
			<item id="937"/>
			<item id="939"/>
			<item id="946"/>
			<item id="947"/>
			<item id="948"/>
			<item id="956"/>
			<item id="957"/>
			<item id="958"/>
			<item id="965"/>
			<item id="966"/>
			<item id="1284"/>
			<item id="1509"/>
			<item id="194"/>
			<item id="464"/>
			<item id="466"/>
			<item id="6210"/>
			<item id="6213"/>
			<item id="4595"/>
			<item id="4608"/>
			<item fromid="4609" toid="4625"/>
			<item fromid="4664" toid="4666"/>
			<item fromid="4691" toid="4712"/>
			<item fromid="4749" toid="4755"/>
			<item fromid="4820" toid="4825"/>
			<item fromid="3263" toid="3265"/>
			<item fromid="5755" toid="5761"/>
			<item id="6389"/>
			<item id="5815"/>
			<item fromid="5768" toid="5770"/>
			<item fromid="293" toid="294"/>
			<item fromid="416" toid="417"/>
			<item fromid="421" toid="422"/>
			<item fromid="425" toid="426"/>
			<item fromid="446" toid="447"/>
			<item fromid="451" toid="456"/>
			<item fromid="465"/>
			<item fromid="467"/>
			<item fromid="471" toid="474"/>
			<item fromid="709" toid="711"/>
			<item fromid="778" toid="789"/>
			<item fromid="967" toid="1024"/>
			<item fromid="5711" toid="5726"/>
			<item fromid="6580" toid="6609"/>
			<item fromid="3152" toid="3217"/>
			<item fromid="6612" toid="6626"/>
			<item fromid="6804" toid="6809"/>
			<item fromid="7062" toid="7066"/>
			<item fromid="3139"/>
			<item fromid="7272"/>
			<item fromid="7348"/>
			<item fromid="7350" toid="7358"/>
			<item fromid="8133"/>
			<item fromid="8134"/>
			<item fromid="8048" toid="8052"/>
			<item fromid="7972" toid="7976"/>
			<item fromid="6838"/>
			<item fromid="4354"/>
			<item fromid="6967"/>
			<item fromid="3348"/>
			<item fromid="4405" toid="4421"/>
			<item fromid="599" toid="601"/>
			<item fromid="4526" toid="4541"/>
			<item fromid="4566"/>
			<item fromid="4570" toid="4579"/>
		</raw>
	</tileset>
	
	<tileset name="Nature">
		<terrain>
			<brush name="sea"/>
			<brush name="walkable sea"/>
			<brush name="mountain"/>
			<brush name="ramp"/>
			<brush name="bamboo ramp"/>
			<brush name="grass"/>
			<brush name="grass open stone pile"/>
			<brush name="grass closed stone pile"/>
			<brush name="grass pitfall"/>
			<brush name="dirt"/>
			<brush name="dry earth"/>
			<brush name="sand"/>
			<brush name="sand open stone pile"/>
			<brush name="sand closed stone pile"/>
			<brush name="sand scarab hole"/>
			<brush name="snow"/>
			<brush name="ice"/>
			<brush name="ice open stone pile"/>
			<brush name="ice closed stone pile"/>
			<brush name="hole in the ice"/>
			<brush name="ice floe"/>
			<brush name="jungle grass"/>
			<brush name="jungle dirt"/>
			<brush name="swamp"/>
			<brush name="dark swamp"/>
			<brush name="walkable swamp"/>
			<brush name="light dirt"/>
			<brush name="tar pit"/>
			<brush name="white gravel"/>
			<brush name="loose gravel"/>
			<brush name="gravel"/>
			<brush name="mountain ground"/>
			<brush name="mountain top ground"/>
			<brush name="rocky ground"/>
			<brush name="frozen mud"/>
			<brush item="3311"/>
		</terrain>
		<doodad>
			<brush name="mossy wall"/>
			<brush name="green fungi"/>
			<brush name="plant wall"/>
			<brush name="grass things"/>
			<brush name="grass tufts"/>
			<brush name="green trees"/>
			<brush name="dead trees"/>
			<brush name="trees"/>
			<brush name="mangrove tree"/>
			<brush name="dead mangrove tree"/>
			<brush name="mangrove tree (on water)"/>
			<brush name="dead mangrove tree (on water)"/>
			<brush name="bushes"/>
			<brush name="blueberry bushes"/>
			<brush name="banana tree"/>
			<brush name="mango tree"/>
			<item id="6094"/>
			<brush name="dead bushes"/>
			<brush name="swamp plants"/>
			<brush name="flowers"/>
			<brush name="herbs"/>
			<item id="2801"/>
			<item id="2759"/>
			<item fromid="2737"	toid="2739"/>
			<brush name="yellow flowers"/>
			<brush name="royal flowers"/>
			<brush name="sunflowers"/>
			<brush name="lilypads"/>
			<brush name="roses"/>
			<brush name="tall jungle grass"/>
			<brush name="tall swamp grass"/>
			<brush name="grass drift"/>
			<item id="3323"/>
			<item id="2785"/>
			<brush name="log"/>
			<brush name="log vines"/>
			<brush name="log covered in moss"/>
			<brush name="tree crown"/>
			<brush name="branches"/>
			<brush name="bamboo plant"/>
			<brush name="giant mushrooms"/>
			<brush name="moldy giant mushrooms"/>
			<brush name="moldy mushrooms"/>
			<brush name="small mushrooms"/>
			<brush name="jungle maw"/>
			<brush name="straw mat"/>
			<brush name="sugar cane stack"/>
			<brush name="ant trails"/>
			<brush name="swamp source"/>
			<brush name="water source"/>
			<brush name="waterfall"/>
			<item fromid="4875"/>
			<item fromid="5677"/>
			<brush name="mud cave rocks"/>
			<brush name="stone cave rocks"/>
			<brush name="mud cave rocks with stone"/>
			<brush name="stone cave rocks with mud"/>
			<brush name="cave wall twigs"/>
			<brush name="spider web"/>
			<brush name="webbed cocoon"/>
			<brush name="webbed cocoon, closed"/>
			<brush name="webbed cocoon, standing"/>
			<brush name="webbed cocoon, lying"/>
			<brush name="kamienie"/>
			<brush name="gray rocks"/>
			<brush name="brown rocks"/>
			<brush name="small rocks"/>
			<brush name="staglamites"/>
			<brush name="weird shaped stones"/>
			<brush name="debris"/>
			<brush name="lava hole"/>
			<brush name="gray rubble"/>
			<brush name="brown rubble"/>
			<brush name="rough gray rubble"/>
			<brush name="rough brown rubble"/>
			<brush name="mossy rocks"/>
			<brush name="rubles"/>
			<brush name="plant wall2"/>
		</doodad>
		<raw>
			<item fromid="386" toid="391"/>
			<item fromid="5750" toid="5754"/>
			<item fromid="5866" toid="5868"/>
			<item fromid="1499"/>
			<item fromid="1285" toid="1359"/>
			<item fromid="6423" toid="6432"/>
			<item id="7024"/>
			<item fromid="5092" toid="5096"/>
			<item fromid="5156" toid="5157"/>
			<item fromid="2697" toid="2786"/>
			<item fromid="3311" toid="3347"/>
			<item fromid="2569" toid="2574"/>
			<item fromid="2798" toid="2805"/>
			<item fromid="3603" toid="3677"/>
			<item fromid="3984" toid="4250"/>
			<item fromid="3569" toid="3574"/>
			<item fromid="4468" toid="4513"/>
			<item fromid="4826" toid="4827"/>
			<item fromid="873" toid="878"/>
			<item fromid="903" toid="917"/>
			<item id="6094"/>
			<item fromid="4875"/>
			<item fromid="5677"/>
			<item id="4995"/>
			<item fromid="7020" toid="7023"/>
			<item fromid="4876" toid="4882"/>
			<item fromid="5025" toid="5044"/>
			<item fromid="6610" toid="6611"/>
			<item fromid="6707" toid="6727"/>
			<item fromid="7536" toid="7550"/>
	        <item id="7551"/>
	        <item id="7552"/>
	        <item id="7553"/>
			<item fromid="7554" toid="7557"/>
			<item fromid="7566"/>
			<item fromid="7585" toid="7586"/>
			<item fromid="6216" toid="6233"/>
			<item fromid="6271" toid="6276"/>
			<item fromid="6180" toid="6191"/>
			<item fromid="5390" toid="5399"/>
		</raw>
	</tileset>
	
	<tileset name="Cave">
		<terrain>
			<brush name="earth"/>
			<brush name="cave"/>
			<brush name="cave hole"/>
			<brush name="cave ropespot"/>
			<brush name="cave small hole"/>
			<brush name="cave pickhole"/>
			<brush name="dirt"/>
			<brush name="clear water"/>
			<brush name="lava"/>
			<brush name="melting ground"/>
			<brush name="void"/>
		</terrain>
	</tileset>
	
	<tileset name="Snow">
		<terrain>
			<brush name="sea"/>
			<brush name="walkable sea"/>
			<brush name="mountain"/>
			<brush name="snowy mountain"/>
			<brush name="icy mountain"/>
			<brush name="icy earth"/>
			<brush name="snowy ramp"/>
			<brush name="ramp"/>
			<brush name="snow"/>
			<brush name="ice"/>
			<brush name="ice floe"/>
			<brush name="white gravel"/>
			<brush name="ice stone floor"/>
			<brush name="mountain ground"/>
			<brush name="mountain top ground"/>
			<brush name="rocky ground"/>
			<brush name="frozen mud"/>
			<brush name="fur carpet"/>
		</terrain>
		<doodad>
			<brush name="snowy dead trees"/>
			<brush name="snowy alive trees"/>
			<brush name="dead trees"/>
			<brush name="snowy trees"/>
			<brush name="snowy rocks"/>
			<brush name="small snowy rocks"/>
			<brush name="ice floe"/>
			<brush name="snow drift"/>
			<brush name="iceberg"/>
			<brush name="floating ice"/>
		</doodad>
	</tileset>
	
	<tileset name="Town">
		<terrain>
			<brush name="stone floor"/>
			<brush name="cobblestone"/>
			<brush name="grassy cobblestone"/>
			<brush name="lawn"/>
			<brush name="wooden floor"/>
			<brush name="pavement"/>
			<brush name="drawbridge"/>
			<brush name="dark wooden floor"/>
			<brush name="drab tiled stone floor"/>
			<brush name="dark tiled sandstone"/>
			<brush name="tiled sandstone floor"/>
			<brush name="tiled sandstone floor pressed"/>
			<brush name="tiled sandstone floor depressed"/>
			<brush name="light tiled stone floor"/>
			<brush name="dark tiled stone floor"/>
			<brush name="orange tiled floor"/>
			<brush name="dark sandstone"/>
			<brush name="sandstone"/>
			<brush name="white marble floor"/>
			<brush name="black marble floor"/>
			<brush name="gray stone tiles"/>
			<brush name="gray stone tiles pressed"/>
			<brush name="gray stone tiles depressed"/>
			<brush name="pyramid ramp"/>
			<!-- <brush name="wooden raft"/> -->
			<brush name="store counter"/>
			<brush name="plaster wall"/>
			<brush name="wooden archway"/>
			<brush name="damaged plaster wall"/>
			<brush name="plaster wall arch"/>
			<brush name="rope wall"/>
			<brush name="croft wall"/>
			<brush name="brick wall"/>
			<brush name="brick wall arch"/>
			<brush name="stone wall"/>
			<brush name="rock wall"/>
			<brush name="wood wall"/>
			<brush name="egypt wall"/>
			<brush name="egypt stone wall"/>
			<brush name="marble wall"/>
			<brush name="ruin wall"/>
			<brush name="wooden wall"/>
			<brush name="ornamented wooden wall"/>
			<brush name="low stone-wooden wall"/>
			<brush name="ornamented low stone-wooden wall"/>
			<brush name="high stone-wooden wall"/>
			<brush name="ornamented high stone-wooden wall"/>
			
			<brush name="fence"/>
			<brush name="dark fence"/>
			<brush name="steel bars"/>
			<brush name="steel rebar"/>
		</terrain>
	</tileset>
	
	<tileset name="Roofs">
		<terrain>
			<brush name="flat roof"/>
			<brush name="brown bamboo roof"/>
			<brush name="green bamboo roof"/>
			<brush name="stiff bamboo roof, horizontal"/>
			<brush name="stiff bamboo roof, vertical"/>
			<brush name="brick roof, left"/>
			<brush name="brick roof, vertical"/>
			<brush name="brick roof, right"/>
			<brush name="brick roof, up"/>
			<brush name="brick roof, horizontal"/>
			<brush name="brick roof, down"/>
			<brush name="wooden roof, up"/>
			<brush name="wooden roof, horizontal"/>
			<brush name="wooden roof, down"/>
			<brush name="wooden roof, left"/>
			<brush name="wooden roof, vertical"/>
			<brush name="wooden roof, right"/>
		</terrain>
	</tileset>
	
	<tileset name="Stairs">
		<terrain>
			<brush name="snowy ramp"/>
			<brush name="ramp"/>
			<brush name="bamboo ramp"/>
			<item fromid="1386"/>
			<item fromid="3678"/>
			<item fromid="5543"/>
			<item fromid="1385"/>
			<item fromid="1396"/>
			<item fromid="5258" toid="5260"/>
			<item fromid="3687" toid="3688"/>
			<item fromid="7924" toid="7925"/>
			<brush name="wooden ladder hole"/>
			<brush name="wooden trapdoor"/>
			<brush name="stairs down"/>
			<brush name="trapdoor down"/>
			<brush name="trapdoor ladder down"/>
			<brush name="trapdoor ladder down"/>
			<brush name="stone stairway"/>
			<brush name="black stone stairs"/>
			<brush name="black stone trapdoor"/>
			<brush name="gray stone stairs"/>
			<brush name="gray stone trapdoor"/>
		</terrain>
	</tileset>
	
	<tileset name="Boats">
		<raw>
			<item fromid="4883" toid="4947"/>
			<item fromid="4403"/>
			<item fromid="3601" toid="3602"/>
			<item fromid="4948" toid="4991"/>
			<item fromid="4998" toid="5008"/>
			<item fromid="5082" toid="5085"/>
			<item fromid="1277" toid="1284"/>
			<item fromid="3587" toid="3600"/>
		</raw>
	</tileset>
	
	<tileset name="Sea">
		<raw>
			<item fromid="2226"/>
			<item fromid="2240"/>
			<item fromid="5405" toid="5410"/>
			<item fromid="5427" toid="5438"/>
			<item fromid="5743" toid="5744"/>
			<item fromid="5763" toid="5764"/>
			<item fromid="5554"/>
			<item fromid="5411" toid="5426"/>
			<item fromid="5439" toid="5460"/>
			<item fromid="5678" toid="5682"/>
			<item fromid="5811"/>
			<item fromid="3607" toid="3616"/>
			<item fromid="5631" toid="5654"/>
		</raw>
	</tileset>

	<tileset name="Hangables">
		<doodad>
			<brush name="wall chain"/>
			<brush name="hanging skull"/>
			<brush name="hanging triple skull"/>
			<brush name="cobra wall statue"/>
			<brush name="head stone cobra"/>
			<brush name="head stone cobra with fumes"/>
			<brush name="wall lamp"/>
			<brush name="wall lamp - lit"/>
			<brush name="wall torch"/>
			<brush name="wall torch - lit"/>
			<brush name="wall candle"/>
			<brush name="wall candle - lit"/>
			<brush name="bambu wall torch"/>
			<brush name="bambu wall torch - lit"/>
			<brush name="cage wall lamp"/>
			<brush name="cage wall lamp - lit"/>
			<brush name="tapestry king"/>
			<item id="1877"/>
			<item id="1881"/>
			<item id="1845"/>
			<item id="1848"/>
			<item id="1851"/>
			<item id="1852"/>
			<item id="1853"/>
			<item id="1854"/>
			<item id="1857"/>
			<item id="1860"/>
			<item id="1863"/>
			<item id="1866"/>
			<item id="1869"/>
			<item id="1872"/>
			<item id="1880"/>
			<item id="1848"/>
			<brush name="pirate emblem"/>
			<brush name="hanging swords"/>
			<brush name="archer's shop sign"/>
			<brush name="armor shop sign"/>
			<brush name="weapon shop sign"/>
			<brush name="tool shop sign"/>
			<brush name="food shop sign"/>
			<brush name="furniture shop sign"/>
			<brush name="grape shop sign"/>
			<brush name="banana shop sign"/>
			<brush name="depot sign"/>
			<brush name="post sign"/>
			<brush name="gem shop sign"/>
		</doodad>
		<raw>
			<item fromid="1809" toid="1902"/>
			<item fromid="2037" toid="2040"/>
			<item fromid="2058" toid="2061"/>
			<item fromid="2066" toid="2069"/>
		</raw>
	</tileset>
	
	<tileset name="Interior">
		<doodad>
			<brush name="depot"/>
			<brush name="small drawer"/>
			<brush name="flashy drawer"/>
			<brush name="pendulum clock"/>
			<brush name="normal wardrobe"/>
			<brush name="tall locker"/>
			<brush name="mirror stand"/>
			<brush name="wooden counter"/>
			<brush name="store counter"/>
			<brush name="big brown table, horizontal"/>
			<brush name="big brown table, vertical"/>
			<brush name="bambu drawer"/>
			<brush name="bambu bookcase"/>
			<brush name="bambu bookcase with books"/>
			<brush name="bambu wardrobe"/>
			<brush name="bookcase"/>
			<item id="1738"/>
			<item id="1739"/>
			<brush name="wooden chest"/>
			<item id="1741"/>
			<item id="1746"/>
			<brush name="large trunk"/>
			<brush name="wooden coffin"/>
			<brush name="large cask"/>
			<item id="1770"/>
			<item id="1771"/>
			<item id="1772"/>
			<item id="1773"/>
			<item id="1774"/>
			<item id="1775"/>
			<item fromid="2100"	toid="2107"/>
			<item id="1777"/>
			<item id="2034"/>
			<brush name="oven - on"/>
			<brush name="oven - off"/>
			<brush name="map board"/>
			<item id="2334"/>
			<item id="2555"/>
			<item fromid="6502"/>
			-- MUSIC!1111111 --
			<item id="2192"/>
			<item id="2180"/>
			<brush name="piano"/>
			<brush name="harp"/>
			-- tables --
			<item id="1614"/>
			<item id="1615"/>
			<item id="1616"/>
			<item id="1619"/>
			-- chairs --
			<brush name="wooden chair"/>
			<brush name="rocking chair"/>
			<brush name="red cushioned chair"/>
			<brush name="green cushioned chair"/>
			<brush name="sofa chair"/>
			<brush name="green sofa"/>
			<brush name="redwhite sofa"/>
			<brush name="bench"/>
			<brush name="gilded throne"/>
			<brush name="dull throne"/>
			<brush name="large throne"/>
			-- carpets --
			<brush name="brown bear skin rug"/>
			<brush name="white bear skin rug"/>
			<brush name="bear skin rug"/>
			<brush name="red carpet"/>
			<brush name="blue carpet"/>
			<brush name="green carpet"/>
			<brush name="brown carpet"/>
		</doodad>
		<raw>
			<item fromid="1602" toid="1808"/>
			<item fromid="2034"/>
			<item fromid="2064" toid="2065"/>
			<item fromid="2070" toid="2079"/>
			<item fromid="2108" toid="2119"/>
			<item fromid="2080" toid="2085"/>
			<item fromid="2093" toid="2099"/>
			<item fromid="1947" toid="1986"/>
			<item fromid="2100" toid="2107"/>
			<item fromid="2180"/>
			<item fromid="2192"/>
			<item fromid="2556" toid="2577"/>
			<item fromid="2581" toid="2588"/>
			<item fromid="2589" toid="2592"/>
			<item fromid="2594"/>
			<item fromid="2606" toid="2609"/>
			<item fromid="2614" toid="2615"/>
			<item fromid="3805" toid="3843"/>
			<item fromid="4394" toid="4402"/>
			<item fromid="7778" toid="7822"/>
			<item fromid="7841" toid="7843"/>
			<item fromid="5496" toid="5503"/>
			<item fromid="5854" toid="5863"/>
			<item fromid="5915" toid="5916"/>
			<item fromid="5869" toid="5874"/>
			<item fromid="6356" toid="6363"/>
			<item fromid="6368" toid="6371"/>
			<item fromid="5569" toid="5595"/>
			<item fromid="4394" toid="4402"/>
			-- Potted plants --
			<item fromid="6502"/>
			<item fromid="7655"/>
			<item fromid="7665"/>
			<item fromid="7670"/>
			<item fromid="7674" toid="7695"/>
		</raw>
	</tileset>
	
	<tileset name="Beds">
		<doodad>
			-- beds --
			<brush name="normal bed"/>
			<brush name="normal bed with sleeper"/>
			<brush name="cot"/>
			<brush name="cot with sleeper"/>
			<brush name="hammock"/>
			<brush name="hammock with sleeper"/>
			<brush name="hay bed"/>
			<brush name="hay bed with sleeper"/>
		</doodad>
	</tileset>
	
	<tileset name="Statues">
		<doodad>
			<item fromid="1444" toid="1445"/>
			<item fromid="1448" toid="1449"/>
			<brush name="knight statue"/>
			<brush name="minotaur statue"/>
			<brush name="goblin statue"/>
			<brush name="gargoyle statue"/>
			<brush name="gargoyle statue pedestal"/>
			<brush name="cobra statue"/>
			<brush name="cobra statue pedestal"/>
			<brush name="female statue"/>
			<brush name="female statue with flame"/>
			<brush name="hunter statue"/>
			
			<brush name="lizard statue"/>
			<brush name="broken lizard statue"/>
			<brush name="giant snake head statue"/>
			<brush name="giant snake head statue (open)"/>
			<brush name="giant hand statue"/>
			<item fromid="1450" toid="1451"/>
			<item fromid="7823" toid="7826"/>
			<brush name="statue1"/>
			<brush name="stone monkey"/>
		</doodad>
	</tileset>
	
	<tileset name="Exterior">
		<doodad>
			<item id="1387"/>
			<item id="1945"/>
			<item id="2334"/>
			<item id="2555"/>
			<item id="6972"/>
			<item id="6973"/>
			<item id="2320"/>
			<item id="3981"/>
			<brush name="skeletons"/>
			<brush name="big footprint"/>
			<brush name="draw well"/>
			<brush name="vertical mill"/>
			<brush name="horizontal mill"/>
			<brush name="cobweb"/>
			<brush name="gray cloth wall"/>
			<brush name="brown cloth wall"/>
			<brush name="stone altar"/>
			<brush name="decorative altar"/>
			<brush name="railways"/>
			<brush name="railway cart"/>
			<brush name="dwarven machine"/>
			<item id="7919"/>
			<brush name="fishing net"/>
			<brush name="cracks"/>
			<brush name="lumberjack stuff"/>
			<brush name="leaning planks"/>
			<brush name="planks"/>
			
			<brush name="ballista"/>
			<brush name="catapult"/>
			<brush name="torture machine"/>
			<brush name="torture locker"/>
			<brush name="turtle"/>
			<brush name="archery target"/>
			<brush name="archery target totem"/>
			<brush name="stuck arrow"/>
			<brush name="stuck axe"/>
			<brush name="pillory"/>
			
			-- graves --
			<item fromid="1406"	toid="1409"/>
			
			-- coffins --
			<brush name="stone coffin (no rose)"/>
			<brush name="stone coffin (yellow rose)"/>
			<brush name="stone coffin (blue rose)"/>
			<brush name="stone coffin (red rose)"/>
			<brush name="buried stone coffin"/>
			<brush name="sarcophagus"/>
			
			-- Campfires --
			<item fromid="1421" toid="1428"/>
			<item fromid="1481" toid="1486"/>
			<item fromid="2601" toid="2605"/>
			<brush name="large cauldron"/>
			<brush name="large cauldron with fire"/>
			
			-- fountains --
			<brush name="ancient fountain - off"/>
			<brush name="ancient fountain - on"/>
			<brush name="water well"/>
			<brush name="lava fountain"/>
			
			<brush name="marble fountain - on"/>
			<brush name="marble fountain - off"/>
			<item id="1378"/>
			<brush name="normal fountain - on"/>
			<brush name="normal fountain - off"/>
			<brush name="wall fountain"/>
			
			-- tents --
			<brush name="gray striped tent"/>
			<brush name="red striped tent"/>
			<brush name="garish striped tent"/>
		</doodad>
		<raw>
			<item fromid="486"/>
			<item fromid="1280" toid="1283"/>
			<item fromid="1360" toid="1385"/>
			<item fromid="1406" toid="1420"/>
			<item fromid="1421" toid="1428"/>
			<item fromid="1429" toid="1486"/>
			<item fromid="2219" toid="2259"/>
			<item fromid="2334"/>
			<item fromid="2555"/>
			<item fromid="2593"/>
			<item fromid="2601" toid="2605"/>
			<item fromid="2610" toid="2613"/>
			<item fromid="2616" toid="2623"/>
			<item fromid="3697" toid="3710"/>
			<item fromid="3715" toid="3726"/>
			<item fromid="3718" toid="3742"/>
			<item fromid="3802" toid="3804"/>
			<item fromid="5046"/>
			<item fromid="4875"/>
			<item fromid="5677"/>
			<item fromid="7911" toid="7919"/>
			<item fromid="5055" toid="5056"/>
			<item fromid="5074" toid="5079"/>
			<item fromid="5485" toid="5495"/>
			<item fromid="5598" toid="5613"/>
			<item fromid="5671" toid="5674"/>
			<item fromid="5693" toid="5703"/>
			<item fromid="3689" toid="3696"/>
			<item fromid="3882" toid="3895"/>
			<item fromid="5402" toid="5404"/>
			<item fromid="5296" toid="5302"/>
			<item fromid="6474" toid="6475"/>
			<item fromid="5660" toid="5665"/>
			<item fromid="5787" toid="5790"/>
			<item fromid="5777" toid="5784"/>
			<item fromid="6476" toid="6488"/>
			<item fromid="6374" toid="6386"/>
			<item fromid="7145" toid="7157"/>
			<item fromid="2022"/>
			<item fromid="2024"/>
			<item fromid="2250" toid="2259"/>
			<item fromid="4860"/>
			<item fromid="4862"/>
			<item fromid="5332" toid="5389"/>
			<item fromid="4580" toid="4594"/>
			<item fromid="7605" toid="7616"/>
			<item fromid="1510" toid="1513"/>
			<item fromid="1946"/>
			<item fromid="1906" toid="1908"/>
			<item fromid="3844" toid="3860"/>
		</raw>
	</tileset>
	
	<tileset name="Signs">
		<doodad>
			-- Signs --
			<brush name="tavern sign"/>
			<brush name="large shop sign"/>
			<brush name="large archer's shop sign"/>
			<brush name="large armor shop sign"/>
			<brush name="large weapon shop sign"/>
			<brush name="large tool shop sign"/>
			<brush name="large food shop sign"/>
			<brush name="large furniture shop sign"/>
			<brush name="large grape shop sign"/>
			<brush name="large banana shop sign"/>
			<brush name="large depot sign"/>
			<brush name="large post sign"/>
			<brush name="large gem shop sign"/>
			<brush name="large tavern sign"/>
			<item fromid="1429"	toid="1441"/>
		</doodad>
	</tileset>

	<tileset name="Splash">
		<doodad>
			<brush name="blood"/>
			<brush name="bloodwall"/>
			<item id="2016"/>
			<item id="2017"/>
			<item id="2018"/>
			<item id="2019"/>
			<item id="2020"/>
			<item id="2021"/>
			<item id="1903"/>
			<item id="1904"/>
			<item id="1905"/>
		</doodad>
		<raw>
			<item id="2016"/>
			<item id="2017"/>
			<item id="2018"/>
			<item id="2019"/>
			<item id="2020"/>
			<item id="2021"/>
			<item id="1903"/>
			<item id="1904"/>
			<item id="1905"/>
			<item fromid="2025" toid="2030"/>
		</raw>
	</tileset>

	<tileset name="Equipment">
		<items_and_raw>
			-- Helmets --
			<item fromid="2128"/>
			<item fromid="2342" toid="2343"/>
			<item fromid="5924"/>
			<item fromid="2457" toid="2462"/>
			<item fromid="2471"/>
			<item fromid="2473" toid="2475"/>
			<item fromid="2479" toid="2482"/>
			<item fromid="2490" toid="2491"/>
			<item fromid="2493"/>
			<item fromid="2496" toid="2499"/>
			<item fromid="2501" toid="2502"/>
			<item fromid="2506"/>
			<item fromid="2323"/>
			<item fromid="2662" toid="2663"/>
			<item fromid="2665"/>
			<item fromid="3967"/>
			<item fromid="3969" toid="3972"/>
			<item fromid="5461"/>
			<item fromid="6531"/>
			<item fromid="5741"/>
			<item fromid="6096"/>
			<item fromid="7461" toid="7462"/>
			<item fromid="7458"/>
			<item fromid="7459"/>
			<item fromid="7885"/>
			<item fromid="7903"/>
			<item fromid="7901"/>
			<item fromid="7902"/>
			<item fromid="7900"/>
			<item fromid="7939"/>
			<item fromid="7957"/>
			<item fromid="5917"/>
			<item fromid="6578"/>
			-- Armor --
	        <item fromid="2463" toid="2467"/>
	        <item fromid="2472"/>
			<item fromid="2476"/>
			<item fromid="2483" toid="2487"/>
			<item fromid="2489"/>
			<item fromid="2492"/>
			<item fromid="2494"/>
			<item fromid="2500"/>
			<item fromid="2503"/>
			<item fromid="2505"/>
			<item fromid="2508"/>
			<item fromid="4847"/>
			<item fromid="2650" toid="2660"/>
			<item fromid="2664"/>
			<item fromid="3968"/>
			<item fromid="6095"/>
			<item fromid="7463"/>
			<item fromid="7884"/>
			<item fromid="7897"/>
			<item fromid="7898"/>
			<item fromid="7899"/>
			-- Legs --
			<item fromid="2468" toid="2470"/>
			<item fromid="2477" toid="2478"/>
			<item fromid="2488"/>
			<item fromid="2495"/>
			<item fromid="2504"/>
			<item fromid="2507"/>
			<item fromid="2647" toid="2649"/>
			<item fromid="7464"/>
			<item fromid="7885"/>
			<item fromid="7894"/>
			<item fromid="7895"/>
			<item fromid="7896"/>
			<item fromid="5918"/>
			<item fromid="3983"/>
			<item fromid="7730"/>
			-- Boots --
			<item fromid="2195"/>
			<item fromid="6530"/>
			<item fromid="6132"/>
			<item fromid="2358"/>
			<item fromid="2640" toid="2646"/>
			<item fromid="3982"/>
			<item fromid="5462"/>
			<item fromid="7457"/>
			<item fromid="7886"/>
			<item fromid="7891"/>
			<item fromid="7892"/>
			<item fromid="7893"/>
		</items_and_raw>
	</tileset>
	
	<tileset name="Ornaments">
		<items_and_raw>
			-- Amulets --
			<item fromid="2661"/>
			<item fromid="2161"/>
			<item fromid="2170"/>
			<item fromid="2171"/>
			<item fromid="2172"/>
			<item fromid="2173"/>
			<item fromid="2174"/>
			<item fromid="2196" toid="2201"/>
			<item fromid="2218"/>
			<item fromid="2125"/>
			<item fromid="2126"/>
			<item fromid="2129"/>
			<item fromid="2130"/>
			<item fromid="2131"/>
			<item fromid="2132"/>
			<item fromid="2133"/>
			<item fromid="2135"/>
			<item fromid="2136"/>
			<item fromid="2138"/>
			<item fromid="2142"/>
			<item fromid="7887" toid="7890"/>
			<item id="5785"/>
			-- Rings --
			<item fromid="2207" toid="2209"/>
			<item fromid="2213"/>
			<item fromid="2214"/>
			<item fromid="2121"/>
			<item fromid="2122"/>
			<item fromid="2123"/>
			<item fromid="2124"/>
			<item fromid="2127"/>
			<item fromid="6093"/>
			<item fromid="6300" toid="6301"/>
			
			<item fromid="2164" toid="2169"/>
			<item fromid="2179"/>
			<item fromid="2202" toid="2206"/>
			<item fromid="2210" toid="2216"/>
		</items_and_raw>
	</tileset>
	
	<tileset name="Tools">
		<items_and_raw>
			<item id="5710"/>
			<item id="2120"/>
			<item id="6392"/>
			<item fromid="7731"/>
			<item id="2324"/>
			<item id="2567"/>
			<item id="2568"/>
			<item fromid="2548" toid="2580"/>
		</items_and_raw>
	</tileset>

	<tileset name="Weapons">
		<items_and_raw>
			-- Swords --
			<item fromid="2376" toid="2377"/>
			<item fromid="2379"/>
			<item fromid="2383" toid="2385"/>
			<item fromid="2390"/>
			<item fromid="2392" toid="2393"/>
			<item fromid="2395" toid="2397"/>
			<item fromid="2400"/>
			<item fromid="2402" toid="2409"/>
			<item fromid="2411" toid="2413"/>
			<item fromid="2418" toid="2420"/>
			<item fromid="2442"/>
			<item fromid="2438"/>
			<item fromid="2446"/>
			<item fromid="2450" toid="2451"/>
			<item fromid="6528"/>
			<item fromid="7382" toid="7386"/>
			<item fromid="7390" toid="7391"/>
			<item fromid="7402" toid="7408"/>
			<item fromid="7416" toid="7420"/>
			<item fromid="7449"/>
			<item fromid="7959"/>
			<item fromid="8209"/>
			<item fromid="5908"/>
			<item fromid="2350"/>
			<item fromid="2351"/>
			-- Maces --
			<item fromid="2382"/>
			<item fromid="2391"/>
			<item fromid="2394"/>
			<item fromid="2398"/>
			<item fromid="2401"/>
			<item fromid="2416" toid="2417"/>
			<item fromid="2321"/>
			<item fromid="2421" toid="2424"/>
			<item fromid="2434"/>
			<item fromid="2436" toid="2437"/>
			<item fromid="2439"/>
			<item fromid="2444" toid="2445"/>
			<item fromid="2448" toid="2449"/>
			<item fromid="2452" toid="2453"/>
			<item fromid="3961"/>
			<item fromid="3966"/>
			<item fromid="7379"/>
			<item fromid="7381"/>
			<item fromid="7387"/>
			<item fromid="7392"/>
			<item fromid="7437"/>
			<item fromid="7450" toid="7452"/>
			<item fromid="7410"/>
			<item fromid="7414"/>
			<item fromid="7415"/>
			<item fromid="7421" toid="7432"/>
			-- Axes --
			<item fromid="2378"/>
			<item fromid="2380" toid="2381"/>
			<item fromid="2386" toid="2388"/>
			<item fromid="2414" toid="2415"/>
			<item fromid="2425" toid="2432"/>
			<item fromid="2435"/>
			<item fromid="2440" toid="2441"/>
			<item fromid="2443"/>
			<item fromid="2447"/>
			<item fromid="2454"/>
			<item fromid="3962"/>
			<item fromid="6553"/>
			<item fromid="7380"/>
			<item fromid="7388" toid="7389"/>
			<item fromid="7411" toid="7413"/>
			<item fromid="7453" toid="7456"/>
			<item fromid="7433" toid="7436"/>
			-- Distance --
			<item fromid="5907"/>
			<item fromid="2389"/>
			<item fromid="7378"/>
			<item fromid="3965"/>
			<item fromid="5803"/>
			<item fromid="5947"/>
			<item fromid="2455" toid="2456"/>
			<item fromid="7438"/>
			<item fromid="2352"/>
			<item fromid="2410"/>
			-- Ammo --
			<item fromid="2543" toid="2547"/>
			<item fromid="6529"/>
			<item fromid="7363" toid="7368"/>
			<item fromid="2399"/>
		</items_and_raw>
		<raw>
			-- Wands --
			<item fromid="2181" toid="2186"/>
			<item fromid="2187" toid="2191"/>
			<item fromid="7958"/>
			<item fromid="2433"/>
			-- Swords --
			<item fromid="7854" toid="7858"/>
			<item fromid="7869" toid="7873"/>
			<item fromid="7744" toid="7748"/>
			<item fromid="7763" toid="7767"/>
			-- Maces --
			<item fromid="7864" toid="7868"/>
			<item fromid="7879" toid="7883"/>
			<item fromid="7754" toid="7758"/>
			<item fromid="7773" toid="7777"/>
			-- Axes --
			<item fromid="7859" toid="7863"/>
			<item fromid="7874" toid="7878"/>
			<item fromid="7749" toid="7753"/>
			<item fromid="7768" toid="7772"/>
			-- Ammo --
			<item fromid="7850"/>
			<item fromid="7838" toid="7840"/>
		</raw>
	</tileset>
	
	<tileset name="Weapons (Magic)">
		<items>
			-- Wands --
			<item fromid="2181" toid="2186"/>
			<item fromid="2187" toid="2191"/>
			<item fromid="7958"/>
			<item fromid="2433"/>
			-- Swords --
			<item fromid="7854" toid="7858"/>
			<item fromid="7869" toid="7873"/>
			<item fromid="7744" toid="7748"/>
			<item fromid="7763" toid="7767"/>
			-- Maces --
			<item fromid="7864" toid="7868"/>
			<item fromid="7879" toid="7883"/>
			<item fromid="7754" toid="7758"/>
			<item fromid="7773" toid="7777"/>
			-- Axes --
			<item fromid="7859" toid="7863"/>
			<item fromid="7874" toid="7878"/>
			<item fromid="7749" toid="7753"/>
			<item fromid="7768" toid="7772"/>
			-- Ammo --
			<item fromid="7850"/>
			<item fromid="7838" toid="7840"/>
		</items>
	</tileset>
	
	<tileset name="Shields">
		<items_and_raw>
			<item fromid="2509" toid="2542"/>
			<item fromid="3973" toid="3975"/>
			<item fromid="6131"/>
			<item fromid="6391"/>
			<item fromid="6433"/>
			<item fromid="7460"/>
		</items_and_raw>
	</tileset>
	
	<tileset name="Trinkets">
		<items_and_raw>
			-- Some random stuff --
			<item id="2036"/> -- Watch (Also ID 6091, 6092, but those are useless?) --
			<item fromid="5792" toid="5797"/>
			<item id="5798"/>
			<item fromid="7934" toid="7937"/>
			-- Trinkets --
			<item fromid="2176" toid="2178"/>
			<item id="2344"/>
			<item id="2345"/>
			<item id="6577"/>
			<item id="8261"/>
			<item id="2346"/>
			<item fromid="2353" toid="2364"/>
			<item fromid="8188" toid="8189"/>
			<item id="2322"/>
			<item id="2326"/>
			<item id="6579"/>
			<item id="2600"/>
			<item id="2193"/>
			<item id="2194"/>
			<item id="2218"/>
			<item id="2356"/>
			<item id="2359"/>
			<item id="2137"/>
			<item id="2600"/>
			<item id="6570"/>
			<item id="6571"/>
			<item id="6566"/>
			<item id="6567"/>
			<item id="5080"/>
			<item id="6568"/>
			<item fromid="7369" toid="7371"/>
			<item fromid="6091"/>
			<item fromid="5946"/>
			<item fromid="5865"/>
			-- Instruments --
			<item id="2364"/>
			<item id="2368"/>
			<item id="2369"/>
			<item id="2370"/>
			<item id="2371"/>
			<item id="2372"/>
			<item id="2373"/>
			<item id="6123"/>
			<item id="2374"/>
			<item id="2375"/>
			<item id="3951"/>
			<item id="3952"/>
			<item id="3953"/>
			<item id="3957"/>
			<item id="6572"/>
			<item id="2332"/>
			<item id="5786"/>
			-- Lights --
			<item id="2041" toid="2049"/>
			<item id="2051"/>
			<item id="2050"/>
			<item id="2053"/>
			<item id="2052"/>
			<item id="2055"/>
			<item id="2054"/>
			<item id="2056"/>
			<item id="2062"/>
			<item id="2062"/>
			<item id="2063"/>
			<item id="5852"/>
			<item id="5853"/>
			<item id="6489"/>
			<item id="6490"/>
			<item fromid="2042" toid="2049"/>
			<item fromid="2057"/>
			<item fromid="2162" toid="2163"/>
			
			-- Instruments --
			<item fromid="2366" toid="2374"/>
			
			-- Random --
			<item id="2375"/>
			<item id="4874"/>
			<item fromid="2597" toid="2598"/>
			<item id="2599"/>
			<item id="2175"/>
			<item fromid="2193" toid="2194"/>
			<item fromid="2217" toid="2218"/>
			<item id="2356"/>
			<item id="2359"/>
			<item id="2137"/>
			<item fromid="2032" toid="2033"/>
			<item id="4851"/>
			<item id="7281"/>
			<item id="7315"/>
			<item fromid="6566" toid="6568"/>
			<item fromid="6570" toid="6573"/>
			<item fromid="2327"/>
			-- Food related --
			<item id="2033"/>
			<item id="2035"/>
			<item id="2033"/>
			-- Keys --
			<item fromid="2086" toid="2092"/>
			-- Game pieces --
			<item id="2625"/>
			<item fromid="2626" toid="2631"/>
			<item id="2624"/>
			<item fromid="2632" toid="2637"/>
			<item id="2638"/>
			<item id="2639"/>
		</items_and_raw>
		<raw>
			<item id="6091"/>
			<item id="6092"/>
		</raw>
	</tileset>
	
	<tileset name="Fluid Containers">
		<items_and_raw>
			<item fromid="3941" toid="3942"/>
			<item fromid="5928" toid="5929"/>
			<item fromid="2005" toid="2015"/>
			<item id="2023"/>
			<item id="2031"/>
			<item id="3941"/>
			<item id="3942"/>
			<item id="7590"/>
			<item id="7589"/>
			<item id="7620"/>
			<item id="7591"/>
			<item id="7588"/>
			<item id="7618"/>
			<item id="7635"/>
			<item id="7634"/>
			<item id="7636"/>
		</items_and_raw>
	</tileset>
	
	<tileset name="Jewelry">
		<items_and_raw>
			<item fromid="2143" toid="2160"/>
			<item fromid="2134"/>
			<item fromid="2318"/>
			<item fromid="2319"/>
			<item fromid="2139" toid="2141"/>
		</items_and_raw>
	</tileset>
	
	<tileset name="Magic Fields">
		<doodad>
			<item id="1387"/> -- magic forcefield --
			<brush name="fire field (not decaying)"/>
			<brush name="poison field (not decaying)"/>
			<brush name="energy field (not decaying)"/>
			<brush name="fire field (decaying)"/>
			<brush name="poison field (decaying)"/>
			<brush name="energy field (decaying)"/>
			<brush name="magic wall (not decaying)"/>
			<brush name="magic wall (decaying)"/>
			<brush name="wild growth (decaying)"/>
			<brush name="yellow fire field (decaying)"/>
			<brush name="poison gas (decaying)"/>
			<brush name="yellow energy field (decaying)"/>
			<brush name="smoke field (not decaying)"/>
			<brush name="searing fire field (decaying)"/>
		</doodad>
		<raw>
			<item fromid="1487" toid="1508"/>
		</raw>
	</tileset>
	
	<tileset name="Containers">
		<items_and_raw>
	        <item fromid="1987" toid="1989"/>
	        <item fromid="1990" toid="1997"/>
	        <item fromid="7737" toid="7739"/>
	        <item fromid="1998" toid="2004"/>
	        <item fromid="5949" toid="5950"/>
	        <item fromid="3939" toid="3940"/>
            <item fromid="5926" toid="5927"/>
	        <item fromid="7342" toid="7343"/>
	        <item fromid="2365"/>
	        <item fromid="2330" toid="2331"/>
	        <item fromid="2595" toid="2596"/>
	        <item fromid="5801"/>
	        <item fromid="6085"/>
	        <item fromid="6104"/>
	        <item fromid="6109" toid="6112"/>
	        <item fromid="6506" toid="6511"/>
	        <item fromid="3901" toid="3938"/>
	        <item fromid="5086" toid="5088"/>
	        <item fromid="6114" toid="6115"/>
	        <item fromid="7904" toid="7907"/>
	        <item fromid="7955"/>
	        <item fromid="7960" toid="7962"/>
	        <item fromid="6372" toid="6373"/>
	        <item fromid="7700"/>
		</items_and_raw>
	</tileset>
	
	<tileset name="Writeables">
		<items_and_raw>
			<item fromid="1947" toid="1986"/>
			<item id="2345"/>
			<item id="2347"/>
			<item id="2597"/>
			<item id="2325"/>
			<item id="2333"/>
			<item id="2329"/>
			<item id="6387"/>
			<item id="6388"/>
			<item id="2598"/>
			<item id="2599"/>
			<item id="2175"/>
			<item id="2217"/>
			<item id="4853"/>
			<item id="6113"/>
			<item id="6118"/>
			<item id="6119"/>
			<item id="8267"/>
			<item id="4854"/>
			<item id="4855"/>
			<item id="4842"/>
			<item id="5091"/>
			<item id="5706"/>
			<item id="5958"/>
			<item id="7696"/>
			<item id="6086"/>
			<item id="6124"/>
			<item fromid="7702" toid="7705"/>
			<item fromid="7720" toid="7727"/>
			<item fromid="7844" toid="7846"/>
			<item fromid="7528" toid="7535"/>
		</items_and_raw>
	</tileset>
	
	<tileset name="Food">
		<items_and_raw>
			<item fromid="2666" toid="2696"/>
			<item fromid="2787" toid="2798"/>
			<item fromid="6393" toid="6394"/>
			<item fromid="6541" toid="6545"/>
			<item fromid="7372" toid="7377"/>
			<item fromid="6125"/>
			<item fromid="6569"/>
			<item fromid="7158" toid="7159"/>
			<item fromid="6277" toid="6280"/>
			<item fromid="7909" toid="7910"/>
			<item fromid="8208"/>
			<item fromid="8194"/>
			<item fromid="5097"/>
			<item fromid="7966"/>
		</items_and_raw>
	</tileset>
	
	<tileset name="Trash">
		<doodad>
			<brush name="broken bottles"/>
			<brush name="rotten food"/>
			<brush name="rubbish"/>
			<brush name="bones"/>
			<brush name="skeletons"/>
			<item id="2236"/>
			<item id="2237"/>
			<item id="2238"/>
			<brush name="leaves"/>
			<item id="2246"/>
			<brush name="bamboo garbage"/>
			<brush name="wooden trash"/>
			<brush name="metal trash"/>
			<brush name="all trash"/>
			<brush name="bottles"/>
		</doodad>
	</tileset>

	<tileset name="Runes">
		<items_and_raw>
			<item fromid="2260" toid="2316"/>
		</items_and_raw>
	</tileset>

	<tileset name="Corpses">
		<doodad_and_raw>
			<item id="2317"/>
			<item id="6560"/>
			<item fromid="2806" toid="3134"/>
			<item fromid="4251" toid="4327"/>
			<item fromid="5522" toid="5538"/>
			<item fromid="6302" toid="6351"/>
			<item fromid="6354" toid="6355"/>
			<item fromid="6364" toid="6367"/>
			<item fromid="5540" toid="5542"/>
			<item fromid="5565" toid="5568"/>
			<item fromid="5625" toid="5630"/>
			<item fromid="5666" toid="5668"/>
			<item fromid="5688" toid="5690"/>
			<item fromid="5727" toid="5729"/>
			<item id="5762"/>
			<item fromid="5765" toid="5767"/>
			<item fromid="5931" toid="5936"/>
			<item fromid="5960" toid="6084"/>
			<item fromid="6520" toid="6522"/>
			<item fromid="7091" toid="7094"/>
			<item fromid="7256" toid="7258"/>
			<item id="7260"/>
			<item fromid="7282" toid="7285"/>
			<item fromid="7316" toid="7341"/>
			<item fromid="7344" toid="7347"/>
			<item fromid="7740" toid="7743"/>
			<item id="7621"/>
			<item id="7623"/>
			<item id="7626"/>
			<item id="7622"/>
			<item id="7624"/>
			<item id="7625"/>
			<item id="7627"/>
			<item fromid="7969" toid="7971"/>
			<item fromid="7628" toid="7631"/>
			<item fromid="7637" toid="7640"/>
			<item fromid="7926" toid="7931"/>
			<item id="7908"/>
			<item fromid="7847" toid="7849"/>
			<item fromid="8269"/>
			<item fromid="8271" toid="8274"/>
		</doodad_and_raw>
	</tileset>
	
	<tileset name="Stairs / Ramps / Ladders">
		<raw>
			<!-- Holes -->
			<item fromid="383" toid="385"/>
			<item fromid="392"/>
			<item fromid="418"/>
			<item fromid="468" toid="470"/>
			<item fromid="481" toid="485"/>
			<item fromid="489"/>
			<item fromid="5731"/>
			
			<!-- Stairs / Ladder Down -->
			<item fromid="369" toid="370"/>
			<item fromid="408"/>
			<item fromid="409"/>
			<item fromid="410" toid="411"/>
			<item fromid="423"/>
			<item fromid="427" toid="429"/>
			<item fromid="432" toid="433"/>
			<item fromid="3135" toid="3138"/>
			<item fromid="3219" toid="3220"/>
			<item fromid="4834" toid="4837"/>
			
			<!-- Other -->
			<item fromid="430"/>
			<item fromid="461" toid="462"/>
			<item fromid="475" toid="476"/>
			<item fromid="479" toid="480"/>
			<item fromid="924"/>
			<item fromid="5081"/>
			<item fromid="6127" toid="6130"/>
			<item fromid="6173" toid="6174"/>
			<item fromid="6917" toid="6924"/>
			
			<!-- Ladders -->
			<item fromid="1386"/>
			<item fromid="3678"/>
			<item fromid="5543"/>
			
			<!-- Stairs -->
			<item fromid="1385"/>
			<item fromid="1396"/>
			<item fromid="7924" toid="7925"/>
			<item fromid="5258" toid="5260"/>
			<item fromid="3687" toid="3688"/>
			<item fromid="1388" toid="1395"/>
			<item fromid="1398" toid="1405"/>
			<item fromid="3679" toid="3686"/>
			<item fromid="6909" toid="6916"/>
		</raw>
	</tileset>
	
	<!--
	<tileset name="Pillars">
		<terrain_and_raw>
			<item id="1514"/>
			<item id="1515"/>
			<item id="3766"/>
			<item id="3767"/>
			<item id="1549"/>
			<item id="1551"/>
			<item fromid="3792" toid="3793"/>
			<item id="6972"/>
			<item id="6973"/>
		</terrain_and_raw>
	</tileset>
	-->
	
	<tileset name="Addon and Quest Items">
		<items_and_raw>
			<item fromid="2344" toid="2349"/>
			<item fromid="4863" toid="4872"/>
			<item fromid="5089"/>
			<item fromid="5875" toid="5906"/>
			<item fromid="5919" toid="5922"/>
			<item fromid="5925"/>
			<item fromid="5930"/>
			<item fromid="6097" toid="6102"/>
			<item fromid="3960"/>
			<item fromid="2335" toid="2341"/>
			<item fromid="4848"/>
			<item fromid="4856"/>
			<item fromid="7314"/>
			<item fromid="7140" toid="7142"/>
			<item fromid="5468"/>
			<item fromid="5909" toid="5914"/>
			<item fromid="5941" toid="5945"/>
			<item fromid="5947" toid="5954"/>
			<item fromid="5956" toid="5957"/>
			<item fromid="6103"/>
			<item fromid="6107"/>
			<item fromid="6125"/>
			<item fromid="4850"/>
			<item fromid="4852"/>
			<item fromid="6087" toid="6090"/>
			<item fromid="6105"/>
			<item fromid="6126"/>
			<item id="4843"/>
			<item fromid="6500"/>
			<item fromid="2328"/>
			<item fromid="6546" toid="6552"/>
			<item fromid="8204"/>
			<item fromid="8262" toid="8266"/>
			<item fromid="5791"/>
			<item fromid="5799" toid="5800"/>
			<item id="6120"/>
			<item fromid="2350"/>
			<item fromid="5802"/>
			<item fromid="5804" toid="5810"/>
			<item fromid="5937"/>
			<item fromid="5940"/>
		</items_and_raw>
	</tileset>
	
	<tileset name="Architecture">
		<raw>
			<item fromid="1516" toid="1523"/>
			<item fromid="1533" toid="1547"/>
			<item fromid="1909" toid="1933"/>
			<item fromid="1935" toid="1937"/>
			<item fromid="1939" toid="1944"/>
			<item id="1514"/>
			<item id="1515"/>
			<item id="3766"/>
			<item id="3767"/>
			<item id="1549"/>
			<item id="1551"/>
			<item fromid="3792" toid="3793"/>
			<item id="6972"/>
			<item id="6973"/>
			<item fromid="7095" toid="7101"/>
			<item id="463"/>
			<item id="1479"/>
			<item id="1480"/>
			<item id="1486"/>
			<item id="3743"/>
			<item id="3744"/>
			<item fromid="5315" toid="5331"/>
			<item fromid="5158" toid="5253"/>
			<item fromid="6961" toid="6965"/>
			<item fromid="6981" toid="6983"/>
			<item fromid="6986"/>
			<item fromid="7592" toid="7604"/>
			<item fromid="7617"/>
			<item fromid="7619"/>
			<item fromid="1550" toid="1581"/>
			<item fromid="1510" toid="1513"/>
			<item id="463"/>
		</raw>
	</tileset>
	
	<tileset name="Walls">
		<raw>
	        <item fromid="1205" toid="1208"/>
	        <item fromid="1025" toid="1035"/>
	        <item fromid="1205" toid="1202"/>
	        <item fromid="1265" toid="1266"/>
	        <item fromid="6440" toid="6443"/>
	        <item fromid="6281" toid="6284"/>
	        <item fromid="5098" toid="5115"/>
	        <item fromid="5146" toid="5155"/>
	        <item fromid="1263" toid="1264"/>
	        <item fromid="6436" toid="6439"/>
	        <item fromid="1036" toid="1048"/>
			<item fromid="1209" toid="1230"/>
			<item fromid="5137" toid="5142"/>
            <item fromid="1532"/>
	        <item fromid="1049" toid="1059"/>
	        <item fromid="1524" toid="1531"/>
	        <item fromid="1267" toid="1268"/>
	        <item fromid="6444" toid="6447"/>
	        <item fromid="6454" toid="6457"/>
	        <item fromid="1060" toid="1070"/>
	        <item fromid="1084" toid="1088"/>
	        <item fromid="1570" toid="1577"/>
	        <item fromid="1100" toid="1110"/>
	        <item fromid="1562" toid="1569"/>
	        <item fromid="1273" toid="1276"/>
	        <item fromid="6462" toid="6465"/>
	        <item fromid="1231" toid="1248"/>
	        <item fromid="1089" toid="1099"/>
            <item fromid="5009"/>
	        <item fromid="1111" toid="1119"/>
	        <item fromid="5010" toid="5011"/>
	        <item fromid="1120" toid="1169"/>
	        <item fromid="1176" toid="1195"/>
	        <item fromid="1582" toid="1593"/>
	        <item fromid="5305" toid="5314"/>
	        <item fromid="1269" toid="1272"/>
	        <item fromid="5303" toid="5304"/>
	        <item fromid="6448" toid="6449"/>
	        <item fromid="1249" toid="1262"/>
	        <item fromid="5515" toid="5518"/>
	        <item fromid="1170" toid="1175"/>
	        <item fromid="1594" toid="1601"/>
	        <item fromid="1196" toid="1204"/>
	        <item fromid="5012" toid="5013"/>
            <item fromid="6466" toid="6469"/>
	        <item fromid="5256" toid="5257"/>
	        <item fromid="5400" toid="5401"/>
			<item fromid="5478" toid="5479"/>
			<item fromid="5519" toid="5520"/>
			<item fromid="3361" toid="3422"/>
			<item fromid="3439" toid="3446"/>
			<item fromid="5116" toid="5136"/>
			<item fromid="5143" toid="5145"/>
			<item fromid="3423" toid="3438"/>
			<item fromid="3447" toid="3453"/>
			<item fromid="3794" toid="3801"/>
			<item fromid="6458" toid="6461"/>
			<item fromid="3535" toid="3552"/>
			<item fromid="3533" toid="3534"/>
			<item fromid="3454" toid="3495"/>
			<item fromid="3496" toid="3505"/>
			<item fromid="5254" toid="5255"/>
			<item fromid="5278" toid="5295"/>
			<item fromid="6891" toid="6908"/>
			<item fromid="7033" toid="7050"/>
			<item fromid="7054" toid="7058"/>
			<item fromid="3508" toid="3522"/>
			<item fromid="3525" toid="3532"/>
			<item fromid="5261" toid="5277"/>
			<item fromid="6470" toid="6473"/>
			<item fromid="6133" toid="6137"/>
			<item fromid="6139" toid="6152"/>
			<item fromid="6175" toid="6179"/>
			<item fromid="6450" toid="6453"/>
			<item fromid="6192" toid="6209"/>
			<item fromid="6395" toid="6422"/>
			<item fromid="6234" toid="6270"/>
			<item fromid="6234" toid="6248"/>
			<item fromid="6268" toid="6270"/>
			<item fromid="6289" toid="6290"/>
			<item fromid="5061" toid="5067"/>
			<item fromid="6116" toid="6117"/>
			<item fromid="5068" toid="5073"/>
			<item fromid="6728" toid="6738"/>
			<item fromid="7060" toid="7061"/>
			<item fromid="6763" toid="6767"/>
			<item fromid="7291" toid="7302"/>
			<item fromid="6739" toid="6749"/>
			<item fromid="7051" toid="7052"/>
			<item fromid="7029" toid="7032"/>
			<item fromid="6773" toid="6792"/>
			<item fromid="6803"/>
			<item fromid="6839" toid="6867"/>
			<item fromid="6882" toid="6885"/>
			<item fromid="7025" toid="7028"/>
			<item fromid="6761" toid="6772"/>
			<item fromid="6795" toid="6802"/>
			<item fromid="7851" toid="7853"/>
		</raw>
	</tileset>

	<tileset name="Borders">
		<raw>
			<item fromid="434" toid="445"/>
			<item fromid="921" toid="964"/>
			<item fromid="3188" toid="3189"/>
			<item fromid="3218"/>
			<item fromid="3221" toid="3222"/>
			<item fromid="3298" toid="3309"/>
			<item fromid="4456" toid="4467"/>
			<item fromid="4514" toid="4225"/>
			<item fromid="4542" toid="4565"/>
			<item fromid="4596" toid="4607"/>
			<item fromid="4644" toid="4663"/>
			<item fromid="4667" toid="4690"/>
			<item fromid="4713" toid="4748"/>
			<item fromid="4760" toid="4819"/>
			<item fromid="4828" toid="4831"/>
			<item fromid="3226" toid="3241"/>
			<item fromid="4514" toid="4525"/>
			<item fromid="4632" toid="4643"/>
			<item fromid="5045" toid="5054"/>
			<item fromid="5816" toid="5851"/>
			<item fromid="6160" toid="6171"/>
			<item fromid="6627" toid="6706"/>
			<item fromid="6627" toid="6682"/>
			<item fromid="6687" toid="6694"/>
			<item fromid="6870" toid="6881"/>
			<item fromid="6926" toid="6937"/>
			<item fromid="6939" toid="6950"/>
			<item fromid="7067" toid="7090"/>
			<item fromid="7107"/>
			<item fromid="7110" toid="7120"/>
			<item fromid="4630" toid="4631"/>
			<item fromid="4841"/>
			<item fromid="4844"/>
			<item fromid="5090"/>
			<item fromid="5730"/>
			<item fromid="5742"/>
			<item fromid="5775"/>
			<item fromid="5776"/>
			<item fromid="5864"/>
			<item fromid="5923"/>
			<item fromid="5955"/>
			<item id="6288"/>
			<item id="7287"/>
			<item id="7182"/>
			<item id="6352"/>
			<item id="6554"/>
			<item id="6555"/>
			<item id="6559"/>
			<item id="6868"/>
			<item id="6938"/>
			<item id="7179"/>
			<item id="7180"/>
			<item id="7181"/>
			<item fromid="5771" toid="5774"/>
			<item fromid="6211" toid="6212"/>
			<item fromid="6214" toid="6215"/>
			<item fromid="5631" toid="5632"/>
			<item fromid="5637" toid="5638"/>
			<item fromid="5633" toid="5636"/>
			<item fromid="5647"/>
			<item fromid="5650"/>
			<item fromid="5649"/>
			<item fromid="5651"/>
			<item fromid="5639" toid="5642"/>
			<item fromid="5643" toid="5646"/>
			<item fromid="5648"/>
			<item fromid="5654"/>
			<item fromid="5653"/>
			<item fromid="5652"/>
			<item fromid="5683" toid="5686"/>
			<item fromid="891" toid="902"/>
			<item fromid="1072" toid="1083"/>
			<item fromid="3394" toid="3360"/>
			<item fromid="6810" toid="6821"/>
			<item fromid="6622" toid="6637"/>
			<item fromid="7187" toid="7188"/>
			<item fromid="7190" toid="7199"/>
			<item fromid="7201" toid="7212"/>
			<item fromid="7641" toid="7652"/>
			<item fromid="7653"/>
			<item fromid="7709" toid="7710"/>
			<item fromid="7656" toid="7664"/>
			<item fromid="7654"/>
			<item fromid="7833" toid="7834"/>
			<item fromid="7666" toid="7669"/>
			<item fromid="7835"/>
			<item fromid="7671" toid="7672"/>
			<item fromid="7836" toid="7837"/>
			<item fromid="477" toid="478"/>
			<item fromid="487" toid="488"/>
			<item fromid="356" toid="367"/>
			<item fromid="371" toid="382"/>
			<item fromid="8053" toid="8057"/>
			<item fromid="8117" toid="8120"/>
			<item fromid="8021" toid="8032"/>
			<item fromid="7943" toid="7954"/>
			<item fromid="6822" toid="6833"/>
			<item fromid="6834" toid="6837"/>
			<item fromid="7102" toid="7105"/>
			<item fromid="3349" toid="3360"/>
			<item fromid="3225"/>
			<item fromid="3242" toid="3245"/>
			<item fromid="3140" toid="3151"/>
		</raw>
	</tileset>
	
	<tileset name="Blank">
		<raw>
			<item fromid="4328" toid="4393"/>
			<item fromid="4626" toid="4631"/>
			<item fromid="4841"/>
			<item fromid="4844"/>
			<item fromid="5090"/>
			<item fromid="5742"/>
			<item fromid="5730"/>
			<item fromid="5775" toid="5776"/>
			<item fromid="5864"/>
			<item fromid="5923"/>
			<item fromid="5959"/>
			<item fromid="5955"/>
			<item fromid="6554" toid="6555"/>
			<item fromid="7287" toid="7288"/>
			<item fromid="7972" toid="8057"/>
			<item fromid="8060" toid="8061"/>
			<item fromid="8063" toid="8071"/>
			<item fromid="8073" toid="8074"/>
			<item fromid="8079" toid="8108"/>
			<item fromid="8113" toid="8169"/>
			<item fromid="8171" toid="8173"/>
			<item fromid="8177" toid="8181"/>
			<item fromid="8183" toid="8185"/>
			<item fromid="8191" toid="8193"/>
			<item fromid="8195" toid="8200"/>
			<item fromid="8206" toid="8207"/>
			<item fromid="8121" toid="8132"/>
		</raw>
	</tileset>
</materials>
